id,processor_id,created_at,updated_at,power,application,source
1,1190,2014-11-17 00:08:23.296425,2014-11-17 00:08:23.296425,41.0298466306151,avrora,"Looking Back on the Language and Hardware Revolution: Measured Power, Performance, and Scaling"
2,1190,2014-11-17 00:08:23.316309,2014-11-17 00:08:23.316309,47.5442626918313,batik,"Looking Back on the Language and Hardware Revolution: Measured Power, Performance, and Scaling"
3,1190,2014-11-17 00:08:23.336403,2014-11-17 00:08:23.336403,45.5365651129211,h2,"Looking Back on the Language and Hardware Revolution: Measured Power, Performance, and Scaling"
4,1190,2014-11-17 00:08:23.357819,2014-11-17 00:08:23.357819,44.5424782821433,jython,"Looking Back on the Language and Hardware Revolution: Measured Power, Performance, and Scaling"
5,1190,2014-11-17 00:08:23.379472,2014-11-17 00:08:23.379472,42.1220133903663,pmd,"Looking Back on the Language and Hardware Revolution: Measured Power, Performance, and Scaling"
6,1190,2014-11-17 00:08:23.398311,2014-11-17 00:08:23.398311,43.0052759349874,tradebeans,"Looking Back on the Language and Hardware Revolution: Measured Power, Performance, and Scaling"
7,1190,2014-11-17 00:08:23.418285,2014-11-17 00:08:23.418285,46.2112751026378,pjbb2005,"Looking Back on the Language and Hardware Revolution: Measured Power, Performance, and Scaling"
8,1190,2014-11-17 00:08:23.435245,2014-11-17 00:08:23.435245,48.2118216865633,_227_mtrt,"Looking Back on the Language and Hardware Revolution: Measured Power, Performance, and Scaling"
9,1190,2014-11-17 00:08:23.455670,2014-11-17 00:08:23.455670,43.1359693675955,fop,"Looking Back on the Language and Hardware Revolution: Measured Power, Performance, and Scaling"
10,1190,2014-11-17 00:08:23.473956,2014-11-17 00:08:23.473956,46.4926006686584,luindex,"Looking Back on the Language and Hardware Revolution: Measured Power, Performance, and Scaling"
11,1190,2014-11-17 00:08:23.493087,2014-11-17 00:08:23.493087,46.776192700116,antlr,"Looking Back on the Language and Hardware Revolution: Measured Power, Performance, and Scaling"
12,1190,2014-11-17 00:08:23.577616,2014-11-17 00:08:23.577616,46.5229383240004,bloat,"Looking Back on the Language and Hardware Revolution: Measured Power, Performance, and Scaling"
13,1190,2014-11-17 00:08:23.599277,2014-11-17 00:08:23.599277,46.9021580141171,_201_compress,"Looking Back on the Language and Hardware Revolution: Measured Power, Performance, and Scaling"
14,1190,2014-11-17 00:08:23.620707,2014-11-17 00:08:23.620707,44.2029120546796,_202_jess,"Looking Back on the Language and Hardware Revolution: Measured Power, Performance, and Scaling"
15,1190,2014-11-17 00:08:23.641675,2014-11-17 00:08:23.641675,46.1197808820586,_209_db,"Looking Back on the Language and Hardware Revolution: Measured Power, Performance, and Scaling"
16,1190,2014-11-17 00:08:23.662940,2014-11-17 00:08:23.662940,42.4931178564949,_213_javac,"Looking Back on the Language and Hardware Revolution: Measured Power, Performance, and Scaling"
17,1190,2014-11-17 00:08:23.683256,2014-11-17 00:08:23.683256,45.6074923969027,_222_mpegaudio,"Looking Back on the Language and Hardware Revolution: Measured Power, Performance, and Scaling"
18,1190,2014-11-17 00:08:23.704078,2014-11-17 00:08:23.704078,44.3857043923197,_228_jack,"Looking Back on the Language and Hardware Revolution: Measured Power, Performance, and Scaling"
19,1190,2014-11-17 00:08:23.724559,2014-11-17 00:08:23.724559,42.8543343550543,eclipse,"Looking Back on the Language and Hardware Revolution: Measured Power, Performance, and Scaling"
20,1190,2014-11-17 00:08:23.745560,2014-11-17 00:08:23.745560,44.9944867001871,lusearch,"Looking Back on the Language and Hardware Revolution: Measured Power, Performance, and Scaling"
21,1190,2014-11-17 00:08:23.764056,2014-11-17 00:08:23.764056,45.7670548040535,sunflow,"Looking Back on the Language and Hardware Revolution: Measured Power, Performance, and Scaling"
22,1190,2014-11-17 00:08:23.785769,2014-11-17 00:08:23.785769,50.0408468936259,tomcat,"Looking Back on the Language and Hardware Revolution: Measured Power, Performance, and Scaling"
23,1190,2014-11-17 00:08:23.806437,2014-11-17 00:08:23.806437,44.6804822472671,xalan,"Looking Back on the Language and Hardware Revolution: Measured Power, Performance, and Scaling"
24,1190,2014-11-17 00:08:23.827273,2014-11-17 00:08:23.827273,43.25426284,400.perlbench,"Looking Back on the Language and Hardware Revolution: Measured Power, Performance, and Scaling"
25,1190,2014-11-17 00:08:23.849013,2014-11-17 00:08:23.849013,41.71242696,401.bzip2,"Looking Back on the Language and Hardware Revolution: Measured Power, Performance, and Scaling"
26,1190,2014-11-17 00:08:23.869255,2014-11-17 00:08:23.869255,39.41311698,403.gcc,"Looking Back on the Language and Hardware Revolution: Measured Power, Performance, and Scaling"
27,1190,2014-11-17 00:08:23.888359,2014-11-17 00:08:23.888359,41.78305953,429.mcf,"Looking Back on the Language and Hardware Revolution: Measured Power, Performance, and Scaling"
28,1190,2014-11-17 00:08:23.915175,2014-11-17 00:08:23.915175,39.59542951,445.gobmk,"Looking Back on the Language and Hardware Revolution: Measured Power, Performance, and Scaling"
29,1190,2014-11-17 00:08:23.936350,2014-11-17 00:08:23.936350,47.92960808,456.hmmer,"Looking Back on the Language and Hardware Revolution: Measured Power, Performance, and Scaling"
30,1190,2014-11-17 00:08:23.958419,2014-11-17 00:08:23.958419,41.00923982,458.sjeng,"Looking Back on the Language and Hardware Revolution: Measured Power, Performance, and Scaling"
31,1190,2014-11-17 00:08:23.978634,2014-11-17 00:08:23.978634,45.47985906,462.libquantum,"Looking Back on the Language and Hardware Revolution: Measured Power, Performance, and Scaling"
32,1190,2014-11-17 00:08:23.998126,2014-11-17 00:08:23.998126,43.98521155,464.h264ref,"Looking Back on the Language and Hardware Revolution: Measured Power, Performance, and Scaling"
33,1190,2014-11-17 00:08:24.018519,2014-11-17 00:08:24.018519,41.12698282,471.omnetpp,"Looking Back on the Language and Hardware Revolution: Measured Power, Performance, and Scaling"
34,1190,2014-11-17 00:08:24.037291,2014-11-17 00:08:24.037291,40.88174547,473.astar,"Looking Back on the Language and Hardware Revolution: Measured Power, Performance, and Scaling"
35,1190,2014-11-17 00:08:24.059071,2014-11-17 00:08:24.059071,42.99892028,483.xalancbmk,"Looking Back on the Language and Hardware Revolution: Measured Power, Performance, and Scaling"
36,1190,2014-11-17 00:08:24.080391,2014-11-17 00:08:24.080391,44.91958064,416.gamess,"Looking Back on the Language and Hardware Revolution: Measured Power, Performance, and Scaling"
37,1190,2014-11-17 00:08:24.106546,2014-11-17 00:08:24.106546,41.82254268,433.milc,"Looking Back on the Language and Hardware Revolution: Measured Power, Performance, and Scaling"
38,1190,2014-11-17 00:08:24.126829,2014-11-17 00:08:24.126829,38.90581702,434.zeusmp,"Looking Back on the Language and Hardware Revolution: Measured Power, Performance, and Scaling"
39,1190,2014-11-17 00:08:24.147516,2014-11-17 00:08:24.147516,44.35785136,435.gromacs,"Looking Back on the Language and Hardware Revolution: Measured Power, Performance, and Scaling"
40,1190,2014-11-17 00:08:24.240925,2014-11-17 00:08:24.240925,38.76632131,436.cactusADM,"Looking Back on the Language and Hardware Revolution: Measured Power, Performance, and Scaling"
41,1190,2014-11-17 00:08:24.263048,2014-11-17 00:08:24.263048,39.95527242,437.leslie3d,"Looking Back on the Language and Hardware Revolution: Measured Power, Performance, and Scaling"
42,1190,2014-11-17 00:08:24.283219,2014-11-17 00:08:24.283219,46.52332385,444.namd,"Looking Back on the Language and Hardware Revolution: Measured Power, Performance, and Scaling"
43,1190,2014-11-17 00:08:24.302353,2014-11-17 00:08:24.302353,44.28797971,447.dealII,"Looking Back on the Language and Hardware Revolution: Measured Power, Performance, and Scaling"
44,1190,2014-11-17 00:08:24.319280,2014-11-17 00:08:24.319280,40.08848916,450.soplex,"Looking Back on the Language and Hardware Revolution: Measured Power, Performance, and Scaling"
45,1190,2014-11-17 00:08:24.336984,2014-11-17 00:08:24.336984,42.26028777,453.povray,"Looking Back on the Language and Hardware Revolution: Measured Power, Performance, and Scaling"
46,1190,2014-11-17 00:08:24.353233,2014-11-17 00:08:24.353233,45.26567806,454.calculix,"Looking Back on the Language and Hardware Revolution: Measured Power, Performance, and Scaling"
47,1190,2014-11-17 00:08:24.372210,2014-11-17 00:08:24.372210,40.24449084,459.GemsFDTD,"Looking Back on the Language and Hardware Revolution: Measured Power, Performance, and Scaling"
48,1190,2014-11-17 00:08:24.390012,2014-11-17 00:08:24.390012,42.158324,465.tonto,"Looking Back on the Language and Hardware Revolution: Measured Power, Performance, and Scaling"
49,1190,2014-11-17 00:08:24.406138,2014-11-17 00:08:24.406138,36.31042693,470.lbm,"Looking Back on the Language and Hardware Revolution: Measured Power, Performance, and Scaling"
50,1190,2014-11-17 00:08:24.422506,2014-11-17 00:08:24.422506,42.61583831,482.sphinx3,"Looking Back on the Language and Hardware Revolution: Measured Power, Performance, and Scaling"
51,1190,2014-11-17 00:08:24.439842,2014-11-17 00:08:24.439842,42.39393821,blackscholes,"Looking Back on the Language and Hardware Revolution: Measured Power, Performance, and Scaling"
52,1190,2014-11-17 00:08:24.457188,2014-11-17 00:08:24.457188,43.42864881,bodytrack,"Looking Back on the Language and Hardware Revolution: Measured Power, Performance, and Scaling"
53,1190,2014-11-17 00:08:24.473235,2014-11-17 00:08:24.473235,43.68762925,canneal,"Looking Back on the Language and Hardware Revolution: Measured Power, Performance, and Scaling"
54,1190,2014-11-17 00:08:24.489342,2014-11-17 00:08:24.489342,48.19268168,facesim,"Looking Back on the Language and Hardware Revolution: Measured Power, Performance, and Scaling"
55,1190,2014-11-17 00:08:24.505528,2014-11-17 00:08:24.505528,48.09493159,ferret,"Looking Back on the Language and Hardware Revolution: Measured Power, Performance, and Scaling"
56,1190,2014-11-17 00:08:24.525544,2014-11-17 00:08:24.525544,48.25334589,fluidanimate,"Looking Back on the Language and Hardware Revolution: Measured Power, Performance, and Scaling"
57,1190,2014-11-17 00:08:24.546265,2014-11-17 00:08:24.546265,34.45016794,raytrace,"Looking Back on the Language and Hardware Revolution: Measured Power, Performance, and Scaling"
58,1190,2014-11-17 00:08:24.568770,2014-11-17 00:08:24.568770,44.22332019,streamcluster,"Looking Back on the Language and Hardware Revolution: Measured Power, Performance, and Scaling"
59,1190,2014-11-17 00:08:24.587761,2014-11-17 00:08:24.587761,48.37097743,swaptions,"Looking Back on the Language and Hardware Revolution: Measured Power, Performance, and Scaling"
60,1190,2014-11-17 00:08:24.607427,2014-11-17 00:08:24.607427,39.19097138,vips,"Looking Back on the Language and Hardware Revolution: Measured Power, Performance, and Scaling"
61,1190,2014-11-17 00:08:24.627894,2014-11-17 00:08:24.627894,38.34907025,x264,"Looking Back on the Language and Hardware Revolution: Measured Power, Performance, and Scaling"
62,1073,2014-11-17 00:08:24.646915,2014-11-17 00:08:24.646915,25.2401980800354,avrora,"Looking Back on the Language and Hardware Revolution: Measured Power, Performance, and Scaling"
63,1073,2014-11-17 00:08:24.666837,2014-11-17 00:08:24.666837,26.0442295941856,batik,"Looking Back on the Language and Hardware Revolution: Measured Power, Performance, and Scaling"
64,1073,2014-11-17 00:08:24.684970,2014-11-17 00:08:24.684970,29.8165205542092,h2,"Looking Back on the Language and Hardware Revolution: Measured Power, Performance, and Scaling"
65,1073,2014-11-17 00:08:24.703257,2014-11-17 00:08:24.703257,25.0597516269338,jython,"Looking Back on the Language and Hardware Revolution: Measured Power, Performance, and Scaling"
66,1073,2014-11-17 00:08:24.720842,2014-11-17 00:08:24.720842,25.7943976334347,pmd,"Looking Back on the Language and Hardware Revolution: Measured Power, Performance, and Scaling"
67,1073,2014-11-17 00:08:24.740291,2014-11-17 00:08:24.740291,24.2647856687228,tradebeans,"Looking Back on the Language and Hardware Revolution: Measured Power, Performance, and Scaling"
68,1073,2014-11-17 00:08:24.760049,2014-11-17 00:08:24.760049,27.503543098664,pjbb2005,"Looking Back on the Language and Hardware Revolution: Measured Power, Performance, and Scaling"
69,1073,2014-11-17 00:08:24.777632,2014-11-17 00:08:24.777632,23.373259803503,_227_mtrt,"Looking Back on the Language and Hardware Revolution: Measured Power, Performance, and Scaling"
70,1073,2014-11-17 00:08:24.872542,2014-11-17 00:08:24.872542,21.4171912265053,fop,"Looking Back on the Language and Hardware Revolution: Measured Power, Performance, and Scaling"
71,1073,2014-11-17 00:08:24.895200,2014-11-17 00:08:24.895200,27.8203716502336,luindex,"Looking Back on the Language and Hardware Revolution: Measured Power, Performance, and Scaling"
72,1073,2014-11-17 00:08:24.913278,2014-11-17 00:08:24.913278,31.3665016322496,antlr,"Looking Back on the Language and Hardware Revolution: Measured Power, Performance, and Scaling"
73,1073,2014-11-17 00:08:24.931750,2014-11-17 00:08:24.931750,27.4163673402738,bloat,"Looking Back on the Language and Hardware Revolution: Measured Power, Performance, and Scaling"
74,1073,2014-11-17 00:08:24.952047,2014-11-17 00:08:24.952047,25.3101412083156,_201_compress,"Looking Back on the Language and Hardware Revolution: Measured Power, Performance, and Scaling"
75,1073,2014-11-17 00:08:24.971824,2014-11-17 00:08:24.971824,26.639811365334,_202_jess,"Looking Back on the Language and Hardware Revolution: Measured Power, Performance, and Scaling"
76,1073,2014-11-17 00:08:24.989208,2014-11-17 00:08:24.989208,25.4660347383494,_209_db,"Looking Back on the Language and Hardware Revolution: Measured Power, Performance, and Scaling"
77,1073,2014-11-17 00:08:25.007874,2014-11-17 00:08:25.007874,24.8803003964934,_213_javac,"Looking Back on the Language and Hardware Revolution: Measured Power, Performance, and Scaling"
78,1073,2014-11-17 00:08:25.025546,2014-11-17 00:08:25.025546,29.6309656903637,_222_mpegaudio,"Looking Back on the Language and Hardware Revolution: Measured Power, Performance, and Scaling"
79,1073,2014-11-17 00:08:25.047953,2014-11-17 00:08:25.047953,25.1894884326985,_228_jack,"Looking Back on the Language and Hardware Revolution: Measured Power, Performance, and Scaling"
80,1073,2014-11-17 00:08:25.077497,2014-11-17 00:08:25.077497,22.8139008201813,eclipse,"Looking Back on the Language and Hardware Revolution: Measured Power, Performance, and Scaling"
81,1073,2014-11-17 00:08:25.097858,2014-11-17 00:08:25.097858,28.1140990476407,lusearch,"Looking Back on the Language and Hardware Revolution: Measured Power, Performance, and Scaling"
82,1073,2014-11-17 00:08:25.127388,2014-11-17 00:08:25.127388,28.8544252247509,sunflow,"Looking Back on the Language and Hardware Revolution: Measured Power, Performance, and Scaling"
83,1073,2014-11-17 00:08:25.147542,2014-11-17 00:08:25.147542,32.2882057905407,tomcat,"Looking Back on the Language and Hardware Revolution: Measured Power, Performance, and Scaling"
84,1073,2014-11-17 00:08:25.166841,2014-11-17 00:08:25.166841,30.1937927741933,xalan,"Looking Back on the Language and Hardware Revolution: Measured Power, Performance, and Scaling"
85,1073,2014-11-17 00:08:25.187977,2014-11-17 00:08:25.187977,23.55801897,400.perlbench,"Looking Back on the Language and Hardware Revolution: Measured Power, Performance, and Scaling"
86,1073,2014-11-17 00:08:25.209382,2014-11-17 00:08:25.209382,23.53302358,401.bzip2,"Looking Back on the Language and Hardware Revolution: Measured Power, Performance, and Scaling"
87,1073,2014-11-17 00:08:25.228544,2014-11-17 00:08:25.228544,23.65743833,403.gcc,"Looking Back on the Language and Hardware Revolution: Measured Power, Performance, and Scaling"
88,1073,2014-11-17 00:08:25.249998,2014-11-17 00:08:25.249998,24.64369845,429.mcf,"Looking Back on the Language and Hardware Revolution: Measured Power, Performance, and Scaling"
89,1073,2014-11-17 00:08:25.269039,2014-11-17 00:08:25.269039,22.70205512,445.gobmk,"Looking Back on the Language and Hardware Revolution: Measured Power, Performance, and Scaling"
90,1073,2014-11-17 00:08:25.286265,2014-11-17 00:08:25.286265,23.85953049,456.hmmer,"Looking Back on the Language and Hardware Revolution: Measured Power, Performance, and Scaling"
91,1073,2014-11-17 00:08:25.306981,2014-11-17 00:08:25.306981,22.50744246,458.sjeng,"Looking Back on the Language and Hardware Revolution: Measured Power, Performance, and Scaling"
92,1073,2014-11-17 00:08:25.327211,2014-11-17 00:08:25.327211,25.99838637,462.libquantum,"Looking Back on the Language and Hardware Revolution: Measured Power, Performance, and Scaling"
93,1073,2014-11-17 00:08:25.347071,2014-11-17 00:08:25.347071,22.6815794,464.h264ref,"Looking Back on the Language and Hardware Revolution: Measured Power, Performance, and Scaling"
94,1073,2014-11-17 00:08:25.366108,2014-11-17 00:08:25.366108,23.21817311,471.omnetpp,"Looking Back on the Language and Hardware Revolution: Measured Power, Performance, and Scaling"
95,1073,2014-11-17 00:08:25.394674,2014-11-17 00:08:25.394674,23.84651127,473.astar,"Looking Back on the Language and Hardware Revolution: Measured Power, Performance, and Scaling"
96,1073,2014-11-17 00:08:25.415462,2014-11-17 00:08:25.415462,24.25057815,483.xalancbmk,"Looking Back on the Language and Hardware Revolution: Measured Power, Performance, and Scaling"
97,1073,2014-11-17 00:08:25.434425,2014-11-17 00:08:25.434425,23.20271928,416.gamess,"Looking Back on the Language and Hardware Revolution: Measured Power, Performance, and Scaling"
98,1073,2014-11-17 00:08:25.454134,2014-11-17 00:08:25.454134,26.46575811,433.milc,"Looking Back on the Language and Hardware Revolution: Measured Power, Performance, and Scaling"
99,1073,2014-11-17 00:08:25.475016,2014-11-17 00:08:25.475016,24.17815977,434.zeusmp,"Looking Back on the Language and Hardware Revolution: Measured Power, Performance, and Scaling"
100,1073,2014-11-17 00:08:25.493253,2014-11-17 00:08:25.493253,24.30148087,435.gromacs,"Looking Back on the Language and Hardware Revolution: Measured Power, Performance, and Scaling"
101,1073,2014-11-17 00:08:25.514114,2014-11-17 00:08:25.514114,25.27277256,436.cactusADM,"Looking Back on the Language and Hardware Revolution: Measured Power, Performance, and Scaling"
102,1073,2014-11-17 00:08:25.534930,2014-11-17 00:08:25.534930,26.353879,437.leslie3d,"Looking Back on the Language and Hardware Revolution: Measured Power, Performance, and Scaling"
103,1073,2014-11-17 00:08:25.554425,2014-11-17 00:08:25.554425,24.36340806,444.namd,"Looking Back on the Language and Hardware Revolution: Measured Power, Performance, and Scaling"
104,1073,2014-11-17 00:08:25.574007,2014-11-17 00:08:25.574007,23.77988601,447.dealII,"Looking Back on the Language and Hardware Revolution: Measured Power, Performance, and Scaling"
105,1073,2014-11-17 00:08:25.594068,2014-11-17 00:08:25.594068,24.09629238,450.soplex,"Looking Back on the Language and Hardware Revolution: Measured Power, Performance, and Scaling"
106,1073,2014-11-17 00:08:25.690022,2014-11-17 00:08:25.690022,23.0319405,453.povray,"Looking Back on the Language and Hardware Revolution: Measured Power, Performance, and Scaling"
107,1073,2014-11-17 00:08:25.712408,2014-11-17 00:08:25.712408,25.97905407,454.calculix,"Looking Back on the Language and Hardware Revolution: Measured Power, Performance, and Scaling"
108,1073,2014-11-17 00:08:25.733049,2014-11-17 00:08:25.733049,25.84418082,459.GemsFDTD,"Looking Back on the Language and Hardware Revolution: Measured Power, Performance, and Scaling"
109,1073,2014-11-17 00:08:25.752336,2014-11-17 00:08:25.752336,23.2973032,465.tonto,"Looking Back on the Language and Hardware Revolution: Measured Power, Performance, and Scaling"
110,1073,2014-11-17 00:08:25.773502,2014-11-17 00:08:25.773502,25.1932372,470.lbm,"Looking Back on the Language and Hardware Revolution: Measured Power, Performance, and Scaling"
111,1073,2014-11-17 00:08:25.792425,2014-11-17 00:08:25.792425,25.54998457,482.sphinx3,"Looking Back on the Language and Hardware Revolution: Measured Power, Performance, and Scaling"
112,1073,2014-11-17 00:08:25.816702,2014-11-17 00:08:25.816702,25.18150613,blackscholes,"Looking Back on the Language and Hardware Revolution: Measured Power, Performance, and Scaling"
113,1073,2014-11-17 00:08:25.835884,2014-11-17 00:08:25.835884,24.10579064,bodytrack,"Looking Back on the Language and Hardware Revolution: Measured Power, Performance, and Scaling"
114,1073,2014-11-17 00:08:25.856826,2014-11-17 00:08:25.856826,21.35700655,canneal,"Looking Back on the Language and Hardware Revolution: Measured Power, Performance, and Scaling"
115,1073,2014-11-17 00:08:25.873870,2014-11-17 00:08:25.873870,28.87412026,facesim,"Looking Back on the Language and Hardware Revolution: Measured Power, Performance, and Scaling"
116,1073,2014-11-17 00:08:25.918238,2014-11-17 00:08:25.918238,31.73716611,ferret,"Looking Back on the Language and Hardware Revolution: Measured Power, Performance, and Scaling"
117,1073,2014-11-17 00:08:25.939160,2014-11-17 00:08:25.939160,30.22525934,fluidanimate,"Looking Back on the Language and Hardware Revolution: Measured Power, Performance, and Scaling"
118,1073,2014-11-17 00:08:25.957695,2014-11-17 00:08:25.957695,25.52308244,raytrace,"Looking Back on the Language and Hardware Revolution: Measured Power, Performance, and Scaling"
119,1073,2014-11-17 00:08:25.976539,2014-11-17 00:08:25.976539,27.57517497,streamcluster,"Looking Back on the Language and Hardware Revolution: Measured Power, Performance, and Scaling"
120,1073,2014-11-17 00:08:25.995629,2014-11-17 00:08:25.995629,30.74807609,swaptions,"Looking Back on the Language and Hardware Revolution: Measured Power, Performance, and Scaling"
121,1073,2014-11-17 00:08:26.015937,2014-11-17 00:08:26.015937,22.25780899,vips,"Looking Back on the Language and Hardware Revolution: Measured Power, Performance, and Scaling"
122,1073,2014-11-17 00:08:26.037887,2014-11-17 00:08:26.037887,24.50492404,x264,"Looking Back on the Language and Hardware Revolution: Measured Power, Performance, and Scaling"
123,1105,2014-11-17 00:08:26.054669,2014-11-17 00:08:26.054669,47.354462419624,avrora,"Looking Back on the Language and Hardware Revolution: Measured Power, Performance, and Scaling"
124,1105,2014-11-17 00:08:26.075497,2014-11-17 00:08:26.075497,52.5933141174139,batik,"Looking Back on the Language and Hardware Revolution: Measured Power, Performance, and Scaling"
125,1105,2014-11-17 00:08:26.095451,2014-11-17 00:08:26.095451,54.5234384574069,h2,"Looking Back on the Language and Hardware Revolution: Measured Power, Performance, and Scaling"
126,1105,2014-11-17 00:08:26.116510,2014-11-17 00:08:26.116510,56.1301549914338,jython,"Looking Back on the Language and Hardware Revolution: Measured Power, Performance, and Scaling"
127,1105,2014-11-17 00:08:26.140177,2014-11-17 00:08:26.140177,58.9906210037209,pmd,"Looking Back on the Language and Hardware Revolution: Measured Power, Performance, and Scaling"
128,1105,2014-11-17 00:08:26.160386,2014-11-17 00:08:26.160386,65.1105840821101,tradebeans,"Looking Back on the Language and Hardware Revolution: Measured Power, Performance, and Scaling"
129,1105,2014-11-17 00:08:26.179715,2014-11-17 00:08:26.179715,57.636700438687,pjbb2005,"Looking Back on the Language and Hardware Revolution: Measured Power, Performance, and Scaling"
130,1105,2014-11-17 00:08:26.198301,2014-11-17 00:08:26.198301,57.8214505727465,_227_mtrt,"Looking Back on the Language and Hardware Revolution: Measured Power, Performance, and Scaling"
131,1105,2014-11-17 00:08:26.219281,2014-11-17 00:08:26.219281,61.3083087318418,fop,"Looking Back on the Language and Hardware Revolution: Measured Power, Performance, and Scaling"
132,1105,2014-11-17 00:08:26.242921,2014-11-17 00:08:26.242921,56.1197302185437,luindex,"Looking Back on the Language and Hardware Revolution: Measured Power, Performance, and Scaling"
133,1105,2014-11-17 00:08:26.262330,2014-11-17 00:08:26.262330,63.9413218060863,antlr,"Looking Back on the Language and Hardware Revolution: Measured Power, Performance, and Scaling"
134,1105,2014-11-17 00:08:26.281815,2014-11-17 00:08:26.281815,55.427990176038,bloat,"Looking Back on the Language and Hardware Revolution: Measured Power, Performance, and Scaling"
135,1105,2014-11-17 00:08:26.303227,2014-11-17 00:08:26.303227,49.1982467952928,_201_compress,"Looking Back on the Language and Hardware Revolution: Measured Power, Performance, and Scaling"
136,1105,2014-11-17 00:08:26.323429,2014-11-17 00:08:26.323429,51.4589824548136,_202_jess,"Looking Back on the Language and Hardware Revolution: Measured Power, Performance, and Scaling"
137,1105,2014-11-17 00:08:26.342033,2014-11-17 00:08:26.342033,52.2105297848752,_209_db,"Looking Back on the Language and Hardware Revolution: Measured Power, Performance, and Scaling"
138,1105,2014-11-17 00:08:26.363334,2014-11-17 00:08:26.363334,56.6491953385877,_213_javac,"Looking Back on the Language and Hardware Revolution: Measured Power, Performance, and Scaling"
139,1105,2014-11-17 00:08:26.382518,2014-11-17 00:08:26.382518,46.8000519155802,_222_mpegaudio,"Looking Back on the Language and Hardware Revolution: Measured Power, Performance, and Scaling"
140,1105,2014-11-17 00:08:26.403628,2014-11-17 00:08:26.403628,52.2456205349508,_228_jack,"Looking Back on the Language and Hardware Revolution: Measured Power, Performance, and Scaling"
141,1105,2014-11-17 00:08:26.423349,2014-11-17 00:08:26.423349,50.6268807599266,eclipse,"Looking Back on the Language and Hardware Revolution: Measured Power, Performance, and Scaling"
142,1105,2014-11-17 00:08:26.442355,2014-11-17 00:08:26.442355,67.0892765966114,lusearch,"Looking Back on the Language and Hardware Revolution: Measured Power, Performance, and Scaling"
143,1105,2014-11-17 00:08:26.541850,2014-11-17 00:08:26.541850,74.1975601663128,sunflow,"Looking Back on the Language and Hardware Revolution: Measured Power, Performance, and Scaling"
144,1105,2014-11-17 00:08:26.563322,2014-11-17 00:08:26.563322,59.9818638512174,tomcat,"Looking Back on the Language and Hardware Revolution: Measured Power, Performance, and Scaling"
145,1105,2014-11-17 00:08:26.583285,2014-11-17 00:08:26.583285,71.1955876141202,xalan,"Looking Back on the Language and Hardware Revolution: Measured Power, Performance, and Scaling"
146,1105,2014-11-17 00:08:26.602987,2014-11-17 00:08:26.602987,47.05970636,400.perlbench,"Looking Back on the Language and Hardware Revolution: Measured Power, Performance, and Scaling"
147,1105,2014-11-17 00:08:26.621708,2014-11-17 00:08:26.621708,47.64134706,401.bzip2,"Looking Back on the Language and Hardware Revolution: Measured Power, Performance, and Scaling"
148,1105,2014-11-17 00:08:26.643219,2014-11-17 00:08:26.643219,49.83754737,403.gcc,"Looking Back on the Language and Hardware Revolution: Measured Power, Performance, and Scaling"
149,1105,2014-11-17 00:08:26.663208,2014-11-17 00:08:26.663208,54.35244891,429.mcf,"Looking Back on the Language and Hardware Revolution: Measured Power, Performance, and Scaling"
150,1105,2014-11-17 00:08:26.682931,2014-11-17 00:08:26.682931,46.05635712,445.gobmk,"Looking Back on the Language and Hardware Revolution: Measured Power, Performance, and Scaling"
151,1105,2014-11-17 00:08:26.702056,2014-11-17 00:08:26.702056,46.981538,456.hmmer,"Looking Back on the Language and Hardware Revolution: Measured Power, Performance, and Scaling"
152,1105,2014-11-17 00:08:26.723532,2014-11-17 00:08:26.723532,46.68804342,458.sjeng,"Looking Back on the Language and Hardware Revolution: Measured Power, Performance, and Scaling"
153,1105,2014-11-17 00:08:26.744793,2014-11-17 00:08:26.744793,55.17690617,462.libquantum,"Looking Back on the Language and Hardware Revolution: Measured Power, Performance, and Scaling"
154,1105,2014-11-17 00:08:26.763394,2014-11-17 00:08:26.763394,46.44991777,464.h264ref,"Looking Back on the Language and Hardware Revolution: Measured Power, Performance, and Scaling"
155,1105,2014-11-17 00:08:26.784200,2014-11-17 00:08:26.784200,53.28647417,471.omnetpp,"Looking Back on the Language and Hardware Revolution: Measured Power, Performance, and Scaling"
156,1105,2014-11-17 00:08:26.803452,2014-11-17 00:08:26.803452,50.32940281,473.astar,"Looking Back on the Language and Hardware Revolution: Measured Power, Performance, and Scaling"
157,1105,2014-11-17 00:08:26.824886,2014-11-17 00:08:26.824886,51.12023638,483.xalancbmk,"Looking Back on the Language and Hardware Revolution: Measured Power, Performance, and Scaling"
158,1105,2014-11-17 00:08:26.845760,2014-11-17 00:08:26.845760,46.56018284,416.gamess,"Looking Back on the Language and Hardware Revolution: Measured Power, Performance, and Scaling"
159,1105,2014-11-17 00:08:26.864436,2014-11-17 00:08:26.864436,57.37686963,433.milc,"Looking Back on the Language and Hardware Revolution: Measured Power, Performance, and Scaling"
160,1105,2014-11-17 00:08:26.883813,2014-11-17 00:08:26.883813,51.75971803,434.zeusmp,"Looking Back on the Language and Hardware Revolution: Measured Power, Performance, and Scaling"
161,1105,2014-11-17 00:08:26.903495,2014-11-17 00:08:26.903495,48.33387944,435.gromacs,"Looking Back on the Language and Hardware Revolution: Measured Power, Performance, and Scaling"
162,1105,2014-11-17 00:08:26.922429,2014-11-17 00:08:26.922429,52.84859865,436.cactusADM,"Looking Back on the Language and Hardware Revolution: Measured Power, Performance, and Scaling"
163,1105,2014-11-17 00:08:26.942512,2014-11-17 00:08:26.942512,56.70775992,437.leslie3d,"Looking Back on the Language and Hardware Revolution: Measured Power, Performance, and Scaling"
164,1105,2014-11-17 00:08:26.961850,2014-11-17 00:08:26.961850,47.79887202,444.namd,"Looking Back on the Language and Hardware Revolution: Measured Power, Performance, and Scaling"
165,1105,2014-11-17 00:08:26.979661,2014-11-17 00:08:26.979661,47.83548996,447.dealII,"Looking Back on the Language and Hardware Revolution: Measured Power, Performance, and Scaling"
166,1105,2014-11-17 00:08:26.997755,2014-11-17 00:08:26.997755,53.80434349,450.soplex,"Looking Back on the Language and Hardware Revolution: Measured Power, Performance, and Scaling"
167,1105,2014-11-17 00:08:27.015623,2014-11-17 00:08:27.015623,45.56952309,453.povray,"Looking Back on the Language and Hardware Revolution: Measured Power, Performance, and Scaling"
168,1105,2014-11-17 00:08:27.032116,2014-11-17 00:08:27.032116,50.09209046,454.calculix,"Looking Back on the Language and Hardware Revolution: Measured Power, Performance, and Scaling"
169,1105,2014-11-17 00:08:27.051767,2014-11-17 00:08:27.051767,57.27777713,459.GemsFDTD,"Looking Back on the Language and Hardware Revolution: Measured Power, Performance, and Scaling"
170,1105,2014-11-17 00:08:27.079245,2014-11-17 00:08:27.079245,48.02179836,465.tonto,"Looking Back on the Language and Hardware Revolution: Measured Power, Performance, and Scaling"
171,1105,2014-11-17 00:08:27.126989,2014-11-17 00:08:27.126989,56.94815912,470.lbm,"Looking Back on the Language and Hardware Revolution: Measured Power, Performance, and Scaling"
172,1105,2014-11-17 00:08:27.191669,2014-11-17 00:08:27.191669,53.74751471,482.sphinx3,"Looking Back on the Language and Hardware Revolution: Measured Power, Performance, and Scaling"
173,1105,2014-11-17 00:08:27.214340,2014-11-17 00:08:27.214340,56.64899973,blackscholes,"Looking Back on the Language and Hardware Revolution: Measured Power, Performance, and Scaling"
174,1105,2014-11-17 00:08:27.233976,2014-11-17 00:08:27.233976,55.55304114,bodytrack,"Looking Back on the Language and Hardware Revolution: Measured Power, Performance, and Scaling"
175,1105,2014-11-17 00:08:27.251969,2014-11-17 00:08:27.251969,53.4711139,canneal,"Looking Back on the Language and Hardware Revolution: Measured Power, Performance, and Scaling"
176,1105,2014-11-17 00:08:27.282665,2014-11-17 00:08:27.282665,68.45275968,facesim,"Looking Back on the Language and Hardware Revolution: Measured Power, Performance, and Scaling"
177,1105,2014-11-17 00:08:27.303832,2014-11-17 00:08:27.303832,77.28730445,ferret,"Looking Back on the Language and Hardware Revolution: Measured Power, Performance, and Scaling"
178,1105,2014-11-17 00:08:27.324678,2014-11-17 00:08:27.324678,73.64195528,fluidanimate,"Looking Back on the Language and Hardware Revolution: Measured Power, Performance, and Scaling"
179,1105,2014-11-17 00:08:27.414298,2014-11-17 00:08:27.414298,59.3560154,raytrace,"Looking Back on the Language and Hardware Revolution: Measured Power, Performance, and Scaling"
180,1105,2014-11-17 00:08:27.436811,2014-11-17 00:08:27.436811,63.20305004,streamcluster,"Looking Back on the Language and Hardware Revolution: Measured Power, Performance, and Scaling"
181,1105,2014-11-17 00:08:27.456752,2014-11-17 00:08:27.456752,75.57747758,swaptions,"Looking Back on the Language and Hardware Revolution: Measured Power, Performance, and Scaling"
182,1105,2014-11-17 00:08:27.476766,2014-11-17 00:08:27.476766,47.4932569,vips,"Looking Back on the Language and Hardware Revolution: Measured Power, Performance, and Scaling"
183,1105,2014-11-17 00:08:27.497283,2014-11-17 00:08:27.497283,48.32423268,x264,"Looking Back on the Language and Hardware Revolution: Measured Power, Performance, and Scaling"
184,1145,2014-11-17 00:08:27.517281,2014-11-17 00:08:27.517281,47.0359324941007,avrora,"Looking Back on the Language and Hardware Revolution: Measured Power, Performance, and Scaling"
185,1145,2014-11-17 00:08:27.537664,2014-11-17 00:08:27.537664,34.9497495084412,batik,"Looking Back on the Language and Hardware Revolution: Measured Power, Performance, and Scaling"
186,1145,2014-11-17 00:08:27.556050,2014-11-17 00:08:27.556050,35.4699587184332,h2,"Looking Back on the Language and Hardware Revolution: Measured Power, Performance, and Scaling"
187,1145,2014-11-17 00:08:27.578511,2014-11-17 00:08:27.578511,37.9685495190244,jython,"Looking Back on the Language and Hardware Revolution: Measured Power, Performance, and Scaling"
188,1145,2014-11-17 00:08:27.598458,2014-11-17 00:08:27.598458,41.2803547883825,pmd,"Looking Back on the Language and Hardware Revolution: Measured Power, Performance, and Scaling"
189,1145,2014-11-17 00:08:27.617822,2014-11-17 00:08:27.617822,51.3628446664698,tradebeans,"Looking Back on the Language and Hardware Revolution: Measured Power, Performance, and Scaling"
190,1145,2014-11-17 00:08:27.635192,2014-11-17 00:08:27.635192,45.5786893027553,pjbb2005,"Looking Back on the Language and Hardware Revolution: Measured Power, Performance, and Scaling"
191,1145,2014-11-17 00:08:27.655264,2014-11-17 00:08:27.655264,38.4713212181817,_227_mtrt,"Looking Back on the Language and Hardware Revolution: Measured Power, Performance, and Scaling"
192,1145,2014-11-17 00:08:27.674966,2014-11-17 00:08:27.674966,40.8444501094859,fop,"Looking Back on the Language and Hardware Revolution: Measured Power, Performance, and Scaling"
193,1145,2014-11-17 00:08:27.695429,2014-11-17 00:08:27.695429,37.179957825098,luindex,"Looking Back on the Language and Hardware Revolution: Measured Power, Performance, and Scaling"
194,1145,2014-11-17 00:08:27.716211,2014-11-17 00:08:27.716211,40.2049647813466,antlr,"Looking Back on the Language and Hardware Revolution: Measured Power, Performance, and Scaling"
195,1145,2014-11-17 00:08:27.737529,2014-11-17 00:08:27.737529,36.3462813426049,bloat,"Looking Back on the Language and Hardware Revolution: Measured Power, Performance, and Scaling"
196,1145,2014-11-17 00:08:27.755469,2014-11-17 00:08:27.755469,30.6091767298165,_201_compress,"Looking Back on the Language and Hardware Revolution: Measured Power, Performance, and Scaling"
197,1145,2014-11-17 00:08:27.776087,2014-11-17 00:08:27.776087,31.5340739612989,_202_jess,"Looking Back on the Language and Hardware Revolution: Measured Power, Performance, and Scaling"
198,1145,2014-11-17 00:08:27.796387,2014-11-17 00:08:27.796387,27.9850652420486,_209_db,"Looking Back on the Language and Hardware Revolution: Measured Power, Performance, and Scaling"
199,1145,2014-11-17 00:08:27.816398,2014-11-17 00:08:27.816398,35.7957888279386,_213_javac,"Looking Back on the Language and Hardware Revolution: Measured Power, Performance, and Scaling"
200,1145,2014-11-17 00:08:27.834947,2014-11-17 00:08:27.834947,30.9633087535478,_222_mpegaudio,"Looking Back on the Language and Hardware Revolution: Measured Power, Performance, and Scaling"
201,1145,2014-11-17 00:08:27.851845,2014-11-17 00:08:27.851845,32.034823248903,_228_jack,"Looking Back on the Language and Hardware Revolution: Measured Power, Performance, and Scaling"
202,1145,2014-11-17 00:08:27.884629,2014-11-17 00:08:27.884629,33.216103122612,eclipse,"Looking Back on the Language and Hardware Revolution: Measured Power, Performance, and Scaling"
203,1145,2014-11-17 00:08:27.904375,2014-11-17 00:08:27.904375,71.8492428321978,lusearch,"Looking Back on the Language and Hardware Revolution: Measured Power, Performance, and Scaling"
204,1145,2014-11-17 00:08:27.924843,2014-11-17 00:08:27.924843,86.9490662903197,sunflow,"Looking Back on the Language and Hardware Revolution: Measured Power, Performance, and Scaling"
205,1145,2014-11-17 00:08:27.942873,2014-11-17 00:08:27.942873,49.1833008313527,tomcat,"Looking Back on the Language and Hardware Revolution: Measured Power, Performance, and Scaling"
206,1145,2014-11-17 00:08:27.961440,2014-11-17 00:08:27.961440,72.5542485458416,xalan,"Looking Back on the Language and Hardware Revolution: Measured Power, Performance, and Scaling"
207,1145,2014-11-17 00:08:27.978434,2014-11-17 00:08:27.978434,28.99597422,400.perlbench,"Looking Back on the Language and Hardware Revolution: Measured Power, Performance, and Scaling"
208,1145,2014-11-17 00:08:27.999426,2014-11-17 00:08:27.999426,28.67986786,401.bzip2,"Looking Back on the Language and Hardware Revolution: Measured Power, Performance, and Scaling"
209,1145,2014-11-17 00:08:28.017033,2014-11-17 00:08:28.017033,26.06959553,403.gcc,"Looking Back on the Language and Hardware Revolution: Measured Power, Performance, and Scaling"
210,1145,2014-11-17 00:08:28.035748,2014-11-17 00:08:28.035748,24.39601985,429.mcf,"Looking Back on the Language and Hardware Revolution: Measured Power, Performance, and Scaling"
211,1145,2014-11-17 00:08:28.057413,2014-11-17 00:08:28.057413,27.58984906,445.gobmk,"Looking Back on the Language and Hardware Revolution: Measured Power, Performance, and Scaling"
212,1145,2014-11-17 00:08:28.081010,2014-11-17 00:08:28.081010,28.58737832,456.hmmer,"Looking Back on the Language and Hardware Revolution: Measured Power, Performance, and Scaling"
213,1145,2014-11-17 00:08:28.100997,2014-11-17 00:08:28.100997,28.44928874,458.sjeng,"Looking Back on the Language and Hardware Revolution: Measured Power, Performance, and Scaling"
214,1145,2014-11-17 00:08:28.118021,2014-11-17 00:08:28.118021,25.68490691,462.libquantum,"Looking Back on the Language and Hardware Revolution: Measured Power, Performance, and Scaling"
215,1145,2014-11-17 00:08:28.215393,2014-11-17 00:08:28.215393,26.61873225,464.h264ref,"Looking Back on the Language and Hardware Revolution: Measured Power, Performance, and Scaling"
216,1145,2014-11-17 00:08:28.239436,2014-11-17 00:08:28.239436,23.40162392,471.omnetpp,"Looking Back on the Language and Hardware Revolution: Measured Power, Performance, and Scaling"
217,1145,2014-11-17 00:08:28.259849,2014-11-17 00:08:28.259849,28.60455642,473.astar,"Looking Back on the Language and Hardware Revolution: Measured Power, Performance, and Scaling"
218,1145,2014-11-17 00:08:28.280898,2014-11-17 00:08:28.280898,25.57585071,483.xalancbmk,"Looking Back on the Language and Hardware Revolution: Measured Power, Performance, and Scaling"
219,1145,2014-11-17 00:08:28.300559,2014-11-17 00:08:28.300559,28.75840446,416.gamess,"Looking Back on the Language and Hardware Revolution: Measured Power, Performance, and Scaling"
220,1145,2014-11-17 00:08:28.323252,2014-11-17 00:08:28.323252,28.66239665,433.milc,"Looking Back on the Language and Hardware Revolution: Measured Power, Performance, and Scaling"
221,1145,2014-11-17 00:08:28.344812,2014-11-17 00:08:28.344812,25.55438573,434.zeusmp,"Looking Back on the Language and Hardware Revolution: Measured Power, Performance, and Scaling"
222,1145,2014-11-17 00:08:28.366248,2014-11-17 00:08:28.366248,27.94040668,435.gromacs,"Looking Back on the Language and Hardware Revolution: Measured Power, Performance, and Scaling"
223,1145,2014-11-17 00:08:28.387206,2014-11-17 00:08:28.387206,25.28362984,436.cactusADM,"Looking Back on the Language and Hardware Revolution: Measured Power, Performance, and Scaling"
224,1145,2014-11-17 00:08:28.406263,2014-11-17 00:08:28.406263,26.82741962,437.leslie3d,"Looking Back on the Language and Hardware Revolution: Measured Power, Performance, and Scaling"
225,1145,2014-11-17 00:08:28.425696,2014-11-17 00:08:28.425696,26.98933441,444.namd,"Looking Back on the Language and Hardware Revolution: Measured Power, Performance, and Scaling"
226,1145,2014-11-17 00:08:28.448337,2014-11-17 00:08:28.448337,27.5744983,447.dealII,"Looking Back on the Language and Hardware Revolution: Measured Power, Performance, and Scaling"
227,1145,2014-11-17 00:08:28.469538,2014-11-17 00:08:28.469538,26.21932811,450.soplex,"Looking Back on the Language and Hardware Revolution: Measured Power, Performance, and Scaling"
228,1145,2014-11-17 00:08:28.490330,2014-11-17 00:08:28.490330,28.32020372,453.povray,"Looking Back on the Language and Hardware Revolution: Measured Power, Performance, and Scaling"
229,1145,2014-11-17 00:08:28.510233,2014-11-17 00:08:28.510233,30.49211526,454.calculix,"Looking Back on the Language and Hardware Revolution: Measured Power, Performance, and Scaling"
230,1145,2014-11-17 00:08:28.533277,2014-11-17 00:08:28.533277,25.09010834,459.GemsFDTD,"Looking Back on the Language and Hardware Revolution: Measured Power, Performance, and Scaling"
231,1145,2014-11-17 00:08:28.553225,2014-11-17 00:08:28.553225,27.69936984,465.tonto,"Looking Back on the Language and Hardware Revolution: Measured Power, Performance, and Scaling"
232,1145,2014-11-17 00:08:28.571829,2014-11-17 00:08:28.571829,28.2773909,470.lbm,"Looking Back on the Language and Hardware Revolution: Measured Power, Performance, and Scaling"
233,1145,2014-11-17 00:08:28.591377,2014-11-17 00:08:28.591377,26.95335861,482.sphinx3,"Looking Back on the Language and Hardware Revolution: Measured Power, Performance, and Scaling"
234,1145,2014-11-17 00:08:28.613187,2014-11-17 00:08:28.613187,50.91256064,blackscholes,"Looking Back on the Language and Hardware Revolution: Measured Power, Performance, and Scaling"
235,1145,2014-11-17 00:08:28.631386,2014-11-17 00:08:28.631386,48.92757506,bodytrack,"Looking Back on the Language and Hardware Revolution: Measured Power, Performance, and Scaling"
236,1145,2014-11-17 00:08:28.652290,2014-11-17 00:08:28.652290,38.28628614,canneal,"Looking Back on the Language and Hardware Revolution: Measured Power, Performance, and Scaling"
237,1145,2014-11-17 00:08:28.672025,2014-11-17 00:08:28.672025,79.69385906,facesim,"Looking Back on the Language and Hardware Revolution: Measured Power, Performance, and Scaling"
238,1145,2014-11-17 00:08:28.692226,2014-11-17 00:08:28.692226,88.08635767,ferret,"Looking Back on the Language and Hardware Revolution: Measured Power, Performance, and Scaling"
239,1145,2014-11-17 00:08:28.719417,2014-11-17 00:08:28.719417,89.18361331,fluidanimate,"Looking Back on the Language and Hardware Revolution: Measured Power, Performance, and Scaling"
240,1145,2014-11-17 00:08:28.749843,2014-11-17 00:08:28.749843,55.27392885,raytrace,"Looking Back on the Language and Hardware Revolution: Measured Power, Performance, and Scaling"
241,1145,2014-11-17 00:08:28.786077,2014-11-17 00:08:28.786077,62.56435929,streamcluster,"Looking Back on the Language and Hardware Revolution: Measured Power, Performance, and Scaling"
242,1145,2014-11-17 00:08:28.824407,2014-11-17 00:08:28.824407,86.0823212,swaptions,"Looking Back on the Language and Hardware Revolution: Measured Power, Performance, and Scaling"
243,1145,2014-11-17 00:08:28.855378,2014-11-17 00:08:28.855378,36.5352452,vips,"Looking Back on the Language and Hardware Revolution: Measured Power, Performance, and Scaling"
244,1145,2014-11-17 00:08:28.885883,2014-11-17 00:08:28.885883,28.97401889,x264,"Looking Back on the Language and Hardware Revolution: Measured Power, Performance, and Scaling"
245,1043,2014-11-17 00:08:28.916335,2014-11-17 00:08:28.916335,2.19652210650266,avrora,"Looking Back on the Language and Hardware Revolution: Measured Power, Performance, and Scaling"
246,1043,2014-11-17 00:08:28.943783,2014-11-17 00:08:28.943783,2.32931394419109,batik,"Looking Back on the Language and Hardware Revolution: Measured Power, Performance, and Scaling"
247,1043,2014-11-17 00:08:28.977507,2014-11-17 00:08:28.977507,2.28301590741446,h2,"Looking Back on the Language and Hardware Revolution: Measured Power, Performance, and Scaling"
248,1043,2014-11-17 00:08:29.013904,2014-11-17 00:08:29.013904,2.36946676365429,jython,"Looking Back on the Language and Hardware Revolution: Measured Power, Performance, and Scaling"
249,1043,2014-11-17 00:08:29.033775,2014-11-17 00:08:29.033775,2.36871491912877,pmd,"Looking Back on the Language and Hardware Revolution: Measured Power, Performance, and Scaling"
250,1043,2014-11-17 00:08:29.052822,2014-11-17 00:08:29.052822,2.42308586155343,tradebeans,"Looking Back on the Language and Hardware Revolution: Measured Power, Performance, and Scaling"
251,1043,2014-11-17 00:08:29.071184,2014-11-17 00:08:29.071184,2.37195712369237,pjbb2005,"Looking Back on the Language and Hardware Revolution: Measured Power, Performance, and Scaling"
252,1043,2014-11-17 00:08:29.170905,2014-11-17 00:08:29.170905,2.39693156901521,_227_mtrt,"Looking Back on the Language and Hardware Revolution: Measured Power, Performance, and Scaling"
253,1043,2014-11-17 00:08:29.191061,2014-11-17 00:08:29.191061,2.35325941233047,fop,"Looking Back on the Language and Hardware Revolution: Measured Power, Performance, and Scaling"
254,1043,2014-11-17 00:08:29.212218,2014-11-17 00:08:29.212218,2.32517347869471,luindex,"Looking Back on the Language and Hardware Revolution: Measured Power, Performance, and Scaling"
255,1043,2014-11-17 00:08:29.232016,2014-11-17 00:08:29.232016,2.4002224435928,antlr,"Looking Back on the Language and Hardware Revolution: Measured Power, Performance, and Scaling"
256,1043,2014-11-17 00:08:29.252667,2014-11-17 00:08:29.252667,2.29407765175387,bloat,"Looking Back on the Language and Hardware Revolution: Measured Power, Performance, and Scaling"
257,1043,2014-11-17 00:08:29.276079,2014-11-17 00:08:29.276079,2.1755167044813,_201_compress,"Looking Back on the Language and Hardware Revolution: Measured Power, Performance, and Scaling"
258,1043,2014-11-17 00:08:29.297127,2014-11-17 00:08:29.297127,2.28315365996418,_202_jess,"Looking Back on the Language and Hardware Revolution: Measured Power, Performance, and Scaling"
259,1043,2014-11-17 00:08:29.317249,2014-11-17 00:08:29.317249,1.94384600623761,_209_db,"Looking Back on the Language and Hardware Revolution: Measured Power, Performance, and Scaling"
260,1043,2014-11-17 00:08:29.335303,2014-11-17 00:08:29.335303,2.33251930784217,_213_javac,"Looking Back on the Language and Hardware Revolution: Measured Power, Performance, and Scaling"
261,1043,2014-11-17 00:08:29.354045,2014-11-17 00:08:29.354045,2.23025174157701,_222_mpegaudio,"Looking Back on the Language and Hardware Revolution: Measured Power, Performance, and Scaling"
262,1043,2014-11-17 00:08:29.373458,2014-11-17 00:08:29.373458,2.2747534603526,_228_jack,"Looking Back on the Language and Hardware Revolution: Measured Power, Performance, and Scaling"
263,1043,2014-11-17 00:08:29.391711,2014-11-17 00:08:29.391711,2.25347019905547,eclipse,"Looking Back on the Language and Hardware Revolution: Measured Power, Performance, and Scaling"
264,1043,2014-11-17 00:08:29.410949,2014-11-17 00:08:29.410949,2.48236483356101,lusearch,"Looking Back on the Language and Hardware Revolution: Measured Power, Performance, and Scaling"
265,1043,2014-11-17 00:08:29.429577,2014-11-17 00:08:29.429577,2.55279950526705,sunflow,"Looking Back on the Language and Hardware Revolution: Measured Power, Performance, and Scaling"
266,1043,2014-11-17 00:08:29.452013,2014-11-17 00:08:29.452013,2.2950206546863,tomcat,"Looking Back on the Language and Hardware Revolution: Measured Power, Performance, and Scaling"
267,1043,2014-11-17 00:08:29.471323,2014-11-17 00:08:29.471323,2.4152595137798,xalan,"Looking Back on the Language and Hardware Revolution: Measured Power, Performance, and Scaling"
268,1043,2014-11-17 00:08:29.491821,2014-11-17 00:08:29.491821,2.336861531,400.perlbench,"Looking Back on the Language and Hardware Revolution: Measured Power, Performance, and Scaling"
269,1043,2014-11-17 00:08:29.513307,2014-11-17 00:08:29.513307,2.192713743,401.bzip2,"Looking Back on the Language and Hardware Revolution: Measured Power, Performance, and Scaling"
270,1043,2014-11-17 00:08:29.531502,2014-11-17 00:08:29.531502,2.285920479,403.gcc,"Looking Back on the Language and Hardware Revolution: Measured Power, Performance, and Scaling"
271,1043,2014-11-17 00:08:29.552627,2014-11-17 00:08:29.552627,1.97519168,429.mcf,"Looking Back on the Language and Hardware Revolution: Measured Power, Performance, and Scaling"
272,1043,2014-11-17 00:08:29.573859,2014-11-17 00:08:29.573859,2.28712914,445.gobmk,"Looking Back on the Language and Hardware Revolution: Measured Power, Performance, and Scaling"
273,1043,2014-11-17 00:08:29.593263,2014-11-17 00:08:29.593263,2.481504208,456.hmmer,"Looking Back on the Language and Hardware Revolution: Measured Power, Performance, and Scaling"
274,1043,2014-11-17 00:08:29.613850,2014-11-17 00:08:29.613850,2.284970818,458.sjeng,"Looking Back on the Language and Hardware Revolution: Measured Power, Performance, and Scaling"
275,1043,2014-11-17 00:08:29.633483,2014-11-17 00:08:29.633483,2.44722053,462.libquantum,"Looking Back on the Language and Hardware Revolution: Measured Power, Performance, and Scaling"
276,1043,2014-11-17 00:08:29.650646,2014-11-17 00:08:29.650646,2.295551664,464.h264ref,"Looking Back on the Language and Hardware Revolution: Measured Power, Performance, and Scaling"
277,1043,2014-11-17 00:08:29.668801,2014-11-17 00:08:29.668801,2.074473648,471.omnetpp,"Looking Back on the Language and Hardware Revolution: Measured Power, Performance, and Scaling"
278,1043,2014-11-17 00:08:29.687730,2014-11-17 00:08:29.687730,2.155443829,473.astar,"Looking Back on the Language and Hardware Revolution: Measured Power, Performance, and Scaling"
279,1043,2014-11-17 00:08:29.708766,2014-11-17 00:08:29.708766,2.222080749,483.xalancbmk,"Looking Back on the Language and Hardware Revolution: Measured Power, Performance, and Scaling"
280,1043,2014-11-17 00:08:29.727428,2014-11-17 00:08:29.727428,2.167696605,416.gamess,"Looking Back on the Language and Hardware Revolution: Measured Power, Performance, and Scaling"
281,1043,2014-11-17 00:08:29.747478,2014-11-17 00:08:29.747478,2.446877216,433.milc,"Looking Back on the Language and Hardware Revolution: Measured Power, Performance, and Scaling"
282,1043,2014-11-17 00:08:29.769567,2014-11-17 00:08:29.769567,2.114223523,434.zeusmp,"Looking Back on the Language and Hardware Revolution: Measured Power, Performance, and Scaling"
283,1043,2014-11-17 00:08:29.789737,2014-11-17 00:08:29.789737,2.303963474,435.gromacs,"Looking Back on the Language and Hardware Revolution: Measured Power, Performance, and Scaling"
284,1043,2014-11-17 00:08:29.810420,2014-11-17 00:08:29.810420,2.123406504,436.cactusADM,"Looking Back on the Language and Hardware Revolution: Measured Power, Performance, and Scaling"
285,1043,2014-11-17 00:08:29.830354,2014-11-17 00:08:29.830354,2.183025549,437.leslie3d,"Looking Back on the Language and Hardware Revolution: Measured Power, Performance, and Scaling"
286,1043,2014-11-17 00:08:29.848646,2014-11-17 00:08:29.848646,2.365109377,444.namd,"Looking Back on the Language and Hardware Revolution: Measured Power, Performance, and Scaling"
287,1043,2014-11-17 00:08:29.868311,2014-11-17 00:08:29.868311,2.300168326,447.dealII,"Looking Back on the Language and Hardware Revolution: Measured Power, Performance, and Scaling"
288,1043,2014-11-17 00:08:29.959618,2014-11-17 00:08:29.959618,2.153313993,450.soplex,"Looking Back on the Language and Hardware Revolution: Measured Power, Performance, and Scaling"
289,1043,2014-11-17 00:08:29.981533,2014-11-17 00:08:29.981533,2.302895505,453.povray,"Looking Back on the Language and Hardware Revolution: Measured Power, Performance, and Scaling"
290,1043,2014-11-17 00:08:29.998909,2014-11-17 00:08:29.998909,2.41617675,454.calculix,"Looking Back on the Language and Hardware Revolution: Measured Power, Performance, and Scaling"
291,1043,2014-11-17 00:08:30.020610,2014-11-17 00:08:30.020610,2.192047847,459.GemsFDTD,"Looking Back on the Language and Hardware Revolution: Measured Power, Performance, and Scaling"
292,1043,2014-11-17 00:08:30.039360,2014-11-17 00:08:30.039360,2.39090769,465.tonto,"Looking Back on the Language and Hardware Revolution: Measured Power, Performance, and Scaling"
293,1043,2014-11-17 00:08:30.058813,2014-11-17 00:08:30.058813,2.406537221,470.lbm,"Looking Back on the Language and Hardware Revolution: Measured Power, Performance, and Scaling"
294,1043,2014-11-17 00:08:30.078971,2014-11-17 00:08:30.078971,2.513484319,482.sphinx3,"Looking Back on the Language and Hardware Revolution: Measured Power, Performance, and Scaling"
295,1043,2014-11-17 00:08:30.097464,2014-11-17 00:08:30.097464,2.534591647,blackscholes,"Looking Back on the Language and Hardware Revolution: Measured Power, Performance, and Scaling"
296,1043,2014-11-17 00:08:30.119003,2014-11-17 00:08:30.119003,2.531353529,bodytrack,"Looking Back on the Language and Hardware Revolution: Measured Power, Performance, and Scaling"
297,1043,2014-11-17 00:08:30.138452,2014-11-17 00:08:30.138452,2.103814274,canneal,"Looking Back on the Language and Hardware Revolution: Measured Power, Performance, and Scaling"
298,1043,2014-11-17 00:08:30.158961,2014-11-17 00:08:30.158961,2.729280113,facesim,"Looking Back on the Language and Hardware Revolution: Measured Power, Performance, and Scaling"
299,1043,2014-11-17 00:08:30.178172,2014-11-17 00:08:30.178172,2.661740029,ferret,"Looking Back on the Language and Hardware Revolution: Measured Power, Performance, and Scaling"
300,1043,2014-11-17 00:08:30.197466,2014-11-17 00:08:30.197466,2.530058343,fluidanimate,"Looking Back on the Language and Hardware Revolution: Measured Power, Performance, and Scaling"
301,1043,2014-11-17 00:08:30.221202,2014-11-17 00:08:30.221202,2.517604475,raytrace,"Looking Back on the Language and Hardware Revolution: Measured Power, Performance, and Scaling"
302,1043,2014-11-17 00:08:30.241252,2014-11-17 00:08:30.241252,2.56531855,streamcluster,"Looking Back on the Language and Hardware Revolution: Measured Power, Performance, and Scaling"
303,1043,2014-11-17 00:08:30.259100,2014-11-17 00:08:30.259100,2.712444001,swaptions,"Looking Back on the Language and Hardware Revolution: Measured Power, Performance, and Scaling"
304,1043,2014-11-17 00:08:30.278215,2014-11-17 00:08:30.278215,2.492498199,vips,"Looking Back on the Language and Hardware Revolution: Measured Power, Performance, and Scaling"
305,1043,2014-11-17 00:08:30.295119,2014-11-17 00:08:30.295119,2.539515229,x264,"Looking Back on the Language and Hardware Revolution: Measured Power, Performance, and Scaling"
306,1081,2014-11-17 00:08:30.315778,2014-11-17 00:08:30.315778,20.0059432235807,avrora,"Looking Back on the Language and Hardware Revolution: Measured Power, Performance, and Scaling"
307,1081,2014-11-17 00:08:30.334224,2014-11-17 00:08:30.334224,20.5946201599153,batik,"Looking Back on the Language and Hardware Revolution: Measured Power, Performance, and Scaling"
308,1081,2014-11-17 00:08:30.354186,2014-11-17 00:08:30.354186,23.5445096200314,h2,"Looking Back on the Language and Hardware Revolution: Measured Power, Performance, and Scaling"
309,1081,2014-11-17 00:08:30.373022,2014-11-17 00:08:30.373022,19.8991712900134,jython,"Looking Back on the Language and Hardware Revolution: Measured Power, Performance, and Scaling"
310,1081,2014-11-17 00:08:30.391437,2014-11-17 00:08:30.391437,20.4841069976551,pmd,"Looking Back on the Language and Hardware Revolution: Measured Power, Performance, and Scaling"
311,1081,2014-11-17 00:08:30.410121,2014-11-17 00:08:30.410121,17.6741070016612,tradebeans,"Looking Back on the Language and Hardware Revolution: Measured Power, Performance, and Scaling"
312,1081,2014-11-17 00:08:30.425812,2014-11-17 00:08:30.425812,21.7682144673518,pjbb2005,"Looking Back on the Language and Hardware Revolution: Measured Power, Performance, and Scaling"
313,1081,2014-11-17 00:08:30.449198,2014-11-17 00:08:30.449198,18.0105161089312,_227_mtrt,"Looking Back on the Language and Hardware Revolution: Measured Power, Performance, and Scaling"
314,1081,2014-11-17 00:08:30.466667,2014-11-17 00:08:30.466667,15.7943313000623,fop,"Looking Back on the Language and Hardware Revolution: Measured Power, Performance, and Scaling"
315,1081,2014-11-17 00:08:30.486309,2014-11-17 00:08:30.486309,22.1416747432228,luindex,"Looking Back on the Language and Hardware Revolution: Measured Power, Performance, and Scaling"
316,1081,2014-11-17 00:08:30.505921,2014-11-17 00:08:30.505921,24.517059496494,antlr,"Looking Back on the Language and Hardware Revolution: Measured Power, Performance, and Scaling"
317,1081,2014-11-17 00:08:30.544595,2014-11-17 00:08:30.544595,21.6039997370986,bloat,"Looking Back on the Language and Hardware Revolution: Measured Power, Performance, and Scaling"
318,1081,2014-11-17 00:08:30.565740,2014-11-17 00:08:30.565740,20.0498331040276,_201_compress,"Looking Back on the Language and Hardware Revolution: Measured Power, Performance, and Scaling"
319,1081,2014-11-17 00:08:30.583871,2014-11-17 00:08:30.583871,20.9218493008872,_202_jess,"Looking Back on the Language and Hardware Revolution: Measured Power, Performance, and Scaling"
320,1081,2014-11-17 00:08:30.602371,2014-11-17 00:08:30.602371,19.9941411436973,_209_db,"Looking Back on the Language and Hardware Revolution: Measured Power, Performance, and Scaling"
321,1081,2014-11-17 00:08:30.621138,2014-11-17 00:08:30.621138,19.9146870736897,_213_javac,"Looking Back on the Language and Hardware Revolution: Measured Power, Performance, and Scaling"
322,1081,2014-11-17 00:08:30.637317,2014-11-17 00:08:30.637317,22.6535105861738,_222_mpegaudio,"Looking Back on the Language and Hardware Revolution: Measured Power, Performance, and Scaling"
323,1081,2014-11-17 00:08:30.653569,2014-11-17 00:08:30.653569,19.2763184484812,_228_jack,"Looking Back on the Language and Hardware Revolution: Measured Power, Performance, and Scaling"
324,1081,2014-11-17 00:08:30.669084,2014-11-17 00:08:30.669084,17.7600316429287,eclipse,"Looking Back on the Language and Hardware Revolution: Measured Power, Performance, and Scaling"
325,1081,2014-11-17 00:08:30.767630,2014-11-17 00:08:30.767630,22.1055599261751,lusearch,"Looking Back on the Language and Hardware Revolution: Measured Power, Performance, and Scaling"
326,1081,2014-11-17 00:08:30.788335,2014-11-17 00:08:30.788335,22.8041866121893,sunflow,"Looking Back on the Language and Hardware Revolution: Measured Power, Performance, and Scaling"
327,1081,2014-11-17 00:08:30.804982,2014-11-17 00:08:30.804982,26.7573037671035,tomcat,"Looking Back on the Language and Hardware Revolution: Measured Power, Performance, and Scaling"
328,1081,2014-11-17 00:08:30.822359,2014-11-17 00:08:30.822359,23.5482136288528,xalan,"Looking Back on the Language and Hardware Revolution: Measured Power, Performance, and Scaling"
329,1081,2014-11-17 00:08:30.837844,2014-11-17 00:08:30.837844,18.49271773,400.perlbench,"Looking Back on the Language and Hardware Revolution: Measured Power, Performance, and Scaling"
330,1081,2014-11-17 00:08:30.853827,2014-11-17 00:08:30.853827,18.5925876,401.bzip2,"Looking Back on the Language and Hardware Revolution: Measured Power, Performance, and Scaling"
331,1081,2014-11-17 00:08:30.869655,2014-11-17 00:08:30.869655,18.42787468,403.gcc,"Looking Back on the Language and Hardware Revolution: Measured Power, Performance, and Scaling"
332,1081,2014-11-17 00:08:30.887752,2014-11-17 00:08:30.887752,19.1253892,429.mcf,"Looking Back on the Language and Hardware Revolution: Measured Power, Performance, and Scaling"
333,1081,2014-11-17 00:08:30.907215,2014-11-17 00:08:30.907215,17.83997675,445.gobmk,"Looking Back on the Language and Hardware Revolution: Measured Power, Performance, and Scaling"
334,1081,2014-11-17 00:08:30.926648,2014-11-17 00:08:30.926648,19.07703676,456.hmmer,"Looking Back on the Language and Hardware Revolution: Measured Power, Performance, and Scaling"
335,1081,2014-11-17 00:08:30.945249,2014-11-17 00:08:30.945249,17.99318201,458.sjeng,"Looking Back on the Language and Hardware Revolution: Measured Power, Performance, and Scaling"
336,1081,2014-11-17 00:08:30.962348,2014-11-17 00:08:30.962348,20.4588714,462.libquantum,"Looking Back on the Language and Hardware Revolution: Measured Power, Performance, and Scaling"
337,1081,2014-11-17 00:08:30.980017,2014-11-17 00:08:30.980017,17.84321745,464.h264ref,"Looking Back on the Language and Hardware Revolution: Measured Power, Performance, and Scaling"
338,1081,2014-11-17 00:08:30.997671,2014-11-17 00:08:30.997671,18.1739807,471.omnetpp,"Looking Back on the Language and Hardware Revolution: Measured Power, Performance, and Scaling"
339,1081,2014-11-17 00:08:31.015405,2014-11-17 00:08:31.015405,18.76501109,473.astar,"Looking Back on the Language and Hardware Revolution: Measured Power, Performance, and Scaling"
340,1081,2014-11-17 00:08:31.034980,2014-11-17 00:08:31.034980,19.09937605,483.xalancbmk,"Looking Back on the Language and Hardware Revolution: Measured Power, Performance, and Scaling"
341,1081,2014-11-17 00:08:31.053741,2014-11-17 00:08:31.053741,18.51649017,416.gamess,"Looking Back on the Language and Hardware Revolution: Measured Power, Performance, and Scaling"
342,1081,2014-11-17 00:08:31.072893,2014-11-17 00:08:31.072893,20.69986004,433.milc,"Looking Back on the Language and Hardware Revolution: Measured Power, Performance, and Scaling"
343,1081,2014-11-17 00:08:31.090501,2014-11-17 00:08:31.090501,19.74261531,434.zeusmp,"Looking Back on the Language and Hardware Revolution: Measured Power, Performance, and Scaling"
344,1081,2014-11-17 00:08:31.108501,2014-11-17 00:08:31.108501,19.19515178,435.gromacs,"Looking Back on the Language and Hardware Revolution: Measured Power, Performance, and Scaling"
345,1081,2014-11-17 00:08:31.128628,2014-11-17 00:08:31.128628,19.87458233,436.cactusADM,"Looking Back on the Language and Hardware Revolution: Measured Power, Performance, and Scaling"
346,1081,2014-11-17 00:08:31.148783,2014-11-17 00:08:31.148783,21.05080516,437.leslie3d,"Looking Back on the Language and Hardware Revolution: Measured Power, Performance, and Scaling"
347,1081,2014-11-17 00:08:31.167930,2014-11-17 00:08:31.167930,19.03044963,444.namd,"Looking Back on the Language and Hardware Revolution: Measured Power, Performance, and Scaling"
348,1081,2014-11-17 00:08:31.187606,2014-11-17 00:08:31.187606,18.62677381,447.dealII,"Looking Back on the Language and Hardware Revolution: Measured Power, Performance, and Scaling"
349,1081,2014-11-17 00:08:31.211366,2014-11-17 00:08:31.211366,18.8727135,450.soplex,"Looking Back on the Language and Hardware Revolution: Measured Power, Performance, and Scaling"
350,1081,2014-11-17 00:08:31.231829,2014-11-17 00:08:31.231829,18.01811842,453.povray,"Looking Back on the Language and Hardware Revolution: Measured Power, Performance, and Scaling"
351,1081,2014-11-17 00:08:31.251198,2014-11-17 00:08:31.251198,20.54988192,454.calculix,"Looking Back on the Language and Hardware Revolution: Measured Power, Performance, and Scaling"
352,1081,2014-11-17 00:08:31.271487,2014-11-17 00:08:31.271487,20.13636258,459.GemsFDTD,"Looking Back on the Language and Hardware Revolution: Measured Power, Performance, and Scaling"
353,1081,2014-11-17 00:08:31.291612,2014-11-17 00:08:31.291612,18.78703565,465.tonto,"Looking Back on the Language and Hardware Revolution: Measured Power, Performance, and Scaling"
354,1081,2014-11-17 00:08:31.315071,2014-11-17 00:08:31.315071,19.18757974,470.lbm,"Looking Back on the Language and Hardware Revolution: Measured Power, Performance, and Scaling"
355,1081,2014-11-17 00:08:31.336458,2014-11-17 00:08:31.336458,20.38026875,482.sphinx3,"Looking Back on the Language and Hardware Revolution: Measured Power, Performance, and Scaling"
356,1081,2014-11-17 00:08:31.355923,2014-11-17 00:08:31.355923,20.07895623,blackscholes,"Looking Back on the Language and Hardware Revolution: Measured Power, Performance, and Scaling"
357,1081,2014-11-17 00:08:31.374646,2014-11-17 00:08:31.374646,18.45867419,bodytrack,"Looking Back on the Language and Hardware Revolution: Measured Power, Performance, and Scaling"
358,1081,2014-11-17 00:08:31.394059,2014-11-17 00:08:31.394059,16.89525404,canneal,"Looking Back on the Language and Hardware Revolution: Measured Power, Performance, and Scaling"
359,1081,2014-11-17 00:08:31.410421,2014-11-17 00:08:31.410421,23.76994612,facesim,"Looking Back on the Language and Hardware Revolution: Measured Power, Performance, and Scaling"
360,1081,2014-11-17 00:08:31.430123,2014-11-17 00:08:31.430123,26.4643807,ferret,"Looking Back on the Language and Hardware Revolution: Measured Power, Performance, and Scaling"
361,1081,2014-11-17 00:08:31.529347,2014-11-17 00:08:31.529347,25.92684434,fluidanimate,"Looking Back on the Language and Hardware Revolution: Measured Power, Performance, and Scaling"
362,1081,2014-11-17 00:08:31.549190,2014-11-17 00:08:31.549190,20.65165304,raytrace,"Looking Back on the Language and Hardware Revolution: Measured Power, Performance, and Scaling"
363,1081,2014-11-17 00:08:31.571819,2014-11-17 00:08:31.571819,21.53345358,streamcluster,"Looking Back on the Language and Hardware Revolution: Measured Power, Performance, and Scaling"
364,1081,2014-11-17 00:08:31.592957,2014-11-17 00:08:31.592957,25.82293295,swaptions,"Looking Back on the Language and Hardware Revolution: Measured Power, Performance, and Scaling"
365,1081,2014-11-17 00:08:31.611180,2014-11-17 00:08:31.611180,16.08902984,vips,"Looking Back on the Language and Hardware Revolution: Measured Power, Performance, and Scaling"
366,1081,2014-11-17 00:08:31.629840,2014-11-17 00:08:31.629840,16.77123865,x264,"Looking Back on the Language and Hardware Revolution: Measured Power, Performance, and Scaling"
367,1045,2014-11-17 00:08:31.651134,2014-11-17 00:08:31.651134,4.38150519776761,avrora,"Looking Back on the Language and Hardware Revolution: Measured Power, Performance, and Scaling"
368,1045,2014-11-17 00:08:31.667984,2014-11-17 00:08:31.667984,4.42191549992553,batik,"Looking Back on the Language and Hardware Revolution: Measured Power, Performance, and Scaling"
369,1045,2014-11-17 00:08:31.695393,2014-11-17 00:08:31.695393,4.44461906989155,h2,"Looking Back on the Language and Hardware Revolution: Measured Power, Performance, and Scaling"
370,1045,2014-11-17 00:08:31.711682,2014-11-17 00:08:31.711682,4.59299459157619,jython,"Looking Back on the Language and Hardware Revolution: Measured Power, Performance, and Scaling"
371,1045,2014-11-17 00:08:31.731607,2014-11-17 00:08:31.731607,4.77985290906594,pmd,"Looking Back on the Language and Hardware Revolution: Measured Power, Performance, and Scaling"
372,1045,2014-11-17 00:08:31.750668,2014-11-17 00:08:31.750668,4.9437154701628,tradebeans,"Looking Back on the Language and Hardware Revolution: Measured Power, Performance, and Scaling"
373,1045,2014-11-17 00:08:31.769973,2014-11-17 00:08:31.769973,4.85731543556026,pjbb2005,"Looking Back on the Language and Hardware Revolution: Measured Power, Performance, and Scaling"
374,1045,2014-11-17 00:08:31.789973,2014-11-17 00:08:31.789973,4.57658999218544,_227_mtrt,"Looking Back on the Language and Hardware Revolution: Measured Power, Performance, and Scaling"
375,1045,2014-11-17 00:08:31.811165,2014-11-17 00:08:31.811165,4.75677408299465,fop,"Looking Back on the Language and Hardware Revolution: Measured Power, Performance, and Scaling"
376,1045,2014-11-17 00:08:31.831330,2014-11-17 00:08:31.831330,4.55173329167011,luindex,"Looking Back on the Language and Hardware Revolution: Measured Power, Performance, and Scaling"
377,1045,2014-11-17 00:08:31.851976,2014-11-17 00:08:31.851976,4.94596888415005,antlr,"Looking Back on the Language and Hardware Revolution: Measured Power, Performance, and Scaling"
378,1045,2014-11-17 00:08:31.871867,2014-11-17 00:08:31.871867,4.33596230043971,bloat,"Looking Back on the Language and Hardware Revolution: Measured Power, Performance, and Scaling"
379,1045,2014-11-17 00:08:31.890185,2014-11-17 00:08:31.890185,4.02292043119809,_201_compress,"Looking Back on the Language and Hardware Revolution: Measured Power, Performance, and Scaling"
380,1045,2014-11-17 00:08:31.910783,2014-11-17 00:08:31.910783,4.31382525486562,_202_jess,"Looking Back on the Language and Hardware Revolution: Measured Power, Performance, and Scaling"
381,1045,2014-11-17 00:08:31.931385,2014-11-17 00:08:31.931385,3.90654913836356,_209_db,"Looking Back on the Language and Hardware Revolution: Measured Power, Performance, and Scaling"
382,1045,2014-11-17 00:08:31.951838,2014-11-17 00:08:31.951838,4.50473925462894,_213_javac,"Looking Back on the Language and Hardware Revolution: Measured Power, Performance, and Scaling"
383,1045,2014-11-17 00:08:31.970479,2014-11-17 00:08:31.970479,4.0689754744626,_222_mpegaudio,"Looking Back on the Language and Hardware Revolution: Measured Power, Performance, and Scaling"
384,1045,2014-11-17 00:08:31.988100,2014-11-17 00:08:31.988100,4.49942967117691,_228_jack,"Looking Back on the Language and Hardware Revolution: Measured Power, Performance, and Scaling"
385,1045,2014-11-17 00:08:32.006283,2014-11-17 00:08:32.006283,4.42153979011009,eclipse,"Looking Back on the Language and Hardware Revolution: Measured Power, Performance, and Scaling"
386,1045,2014-11-17 00:08:32.025729,2014-11-17 00:08:32.025729,5.46324716989755,lusearch,"Looking Back on the Language and Hardware Revolution: Measured Power, Performance, and Scaling"
387,1045,2014-11-17 00:08:32.046437,2014-11-17 00:08:32.046437,5.62263851652762,sunflow,"Looking Back on the Language and Hardware Revolution: Measured Power, Performance, and Scaling"
388,1045,2014-11-17 00:08:32.065887,2014-11-17 00:08:32.065887,4.84679045128286,tomcat,"Looking Back on the Language and Hardware Revolution: Measured Power, Performance, and Scaling"
389,1045,2014-11-17 00:08:32.089957,2014-11-17 00:08:32.089957,5.34665582216505,xalan,"Looking Back on the Language and Hardware Revolution: Measured Power, Performance, and Scaling"
390,1045,2014-11-17 00:08:32.111692,2014-11-17 00:08:32.111692,3.698631494,400.perlbench,"Looking Back on the Language and Hardware Revolution: Measured Power, Performance, and Scaling"
391,1045,2014-11-17 00:08:32.131292,2014-11-17 00:08:32.131292,3.610017388,401.bzip2,"Looking Back on the Language and Hardware Revolution: Measured Power, Performance, and Scaling"
392,1045,2014-11-17 00:08:32.150824,2014-11-17 00:08:32.150824,3.687766767,403.gcc,"Looking Back on the Language and Hardware Revolution: Measured Power, Performance, and Scaling"
393,1045,2014-11-17 00:08:32.170062,2014-11-17 00:08:32.170062,3.440029561,429.mcf,"Looking Back on the Language and Hardware Revolution: Measured Power, Performance, and Scaling"
394,1045,2014-11-17 00:08:32.189628,2014-11-17 00:08:32.189628,3.640154002,445.gobmk,"Looking Back on the Language and Hardware Revolution: Measured Power, Performance, and Scaling"
395,1045,2014-11-17 00:08:32.208981,2014-11-17 00:08:32.208981,3.831418293,456.hmmer,"Looking Back on the Language and Hardware Revolution: Measured Power, Performance, and Scaling"
396,1045,2014-11-17 00:08:32.233164,2014-11-17 00:08:32.233164,3.628964205,458.sjeng,"Looking Back on the Language and Hardware Revolution: Measured Power, Performance, and Scaling"
397,1045,2014-11-17 00:08:32.253775,2014-11-17 00:08:32.253775,3.841340497,462.libquantum,"Looking Back on the Language and Hardware Revolution: Measured Power, Performance, and Scaling"
398,1045,2014-11-17 00:08:32.353117,2014-11-17 00:08:32.353117,3.646880788,464.h264ref,"Looking Back on the Language and Hardware Revolution: Measured Power, Performance, and Scaling"
399,1045,2014-11-17 00:08:32.374061,2014-11-17 00:08:32.374061,3.526789484,471.omnetpp,"Looking Back on the Language and Hardware Revolution: Measured Power, Performance, and Scaling"
400,1045,2014-11-17 00:08:32.393140,2014-11-17 00:08:32.393140,3.585861748,473.astar,"Looking Back on the Language and Hardware Revolution: Measured Power, Performance, and Scaling"
401,1045,2014-11-17 00:08:32.412731,2014-11-17 00:08:32.412731,3.611501698,483.xalancbmk,"Looking Back on the Language and Hardware Revolution: Measured Power, Performance, and Scaling"
402,1045,2014-11-17 00:08:32.433853,2014-11-17 00:08:32.433853,3.503326867,416.gamess,"Looking Back on the Language and Hardware Revolution: Measured Power, Performance, and Scaling"
403,1045,2014-11-17 00:08:32.455834,2014-11-17 00:08:32.455834,3.861644016,433.milc,"Looking Back on the Language and Hardware Revolution: Measured Power, Performance, and Scaling"
404,1045,2014-11-17 00:08:32.475293,2014-11-17 00:08:32.475293,3.484531001,434.zeusmp,"Looking Back on the Language and Hardware Revolution: Measured Power, Performance, and Scaling"
405,1045,2014-11-17 00:08:32.499279,2014-11-17 00:08:32.499279,3.645459825,435.gromacs,"Looking Back on the Language and Hardware Revolution: Measured Power, Performance, and Scaling"
406,1045,2014-11-17 00:08:32.520918,2014-11-17 00:08:32.520918,3.481506771,436.cactusADM,"Looking Back on the Language and Hardware Revolution: Measured Power, Performance, and Scaling"
407,1045,2014-11-17 00:08:32.541142,2014-11-17 00:08:32.541142,3.576647101,437.leslie3d,"Looking Back on the Language and Hardware Revolution: Measured Power, Performance, and Scaling"
408,1045,2014-11-17 00:08:32.561197,2014-11-17 00:08:32.561197,3.685861081,444.namd,"Looking Back on the Language and Hardware Revolution: Measured Power, Performance, and Scaling"
409,1045,2014-11-17 00:08:32.578877,2014-11-17 00:08:32.578877,3.651515255,447.dealII,"Looking Back on the Language and Hardware Revolution: Measured Power, Performance, and Scaling"
410,1045,2014-11-17 00:08:32.597454,2014-11-17 00:08:32.597454,3.608173587,450.soplex,"Looking Back on the Language and Hardware Revolution: Measured Power, Performance, and Scaling"
411,1045,2014-11-17 00:08:32.623056,2014-11-17 00:08:32.623056,3.626113402,453.povray,"Looking Back on the Language and Hardware Revolution: Measured Power, Performance, and Scaling"
412,1045,2014-11-17 00:08:32.643943,2014-11-17 00:08:32.643943,3.757434342,454.calculix,"Looking Back on the Language and Hardware Revolution: Measured Power, Performance, and Scaling"
413,1045,2014-11-17 00:08:32.666005,2014-11-17 00:08:32.666005,3.626015624,459.GemsFDTD,"Looking Back on the Language and Hardware Revolution: Measured Power, Performance, and Scaling"
414,1045,2014-11-17 00:08:32.686414,2014-11-17 00:08:32.686414,3.737915648,465.tonto,"Looking Back on the Language and Hardware Revolution: Measured Power, Performance, and Scaling"
415,1045,2014-11-17 00:08:32.705168,2014-11-17 00:08:32.705168,3.867489645,470.lbm,"Looking Back on the Language and Hardware Revolution: Measured Power, Performance, and Scaling"
416,1045,2014-11-17 00:08:32.722152,2014-11-17 00:08:32.722152,3.875411132,482.sphinx3,"Looking Back on the Language and Hardware Revolution: Measured Power, Performance, and Scaling"
417,1045,2014-11-17 00:08:32.740443,2014-11-17 00:08:32.740443,5.249258022,blackscholes,"Looking Back on the Language and Hardware Revolution: Measured Power, Performance, and Scaling"
418,1045,2014-11-17 00:08:32.761054,2014-11-17 00:08:32.761054,5.208746338,bodytrack,"Looking Back on the Language and Hardware Revolution: Measured Power, Performance, and Scaling"
419,1045,2014-11-17 00:08:32.778962,2014-11-17 00:08:32.778962,4.318549976,canneal,"Looking Back on the Language and Hardware Revolution: Measured Power, Performance, and Scaling"
420,1045,2014-11-17 00:08:32.798380,2014-11-17 00:08:32.798380,5.763779147,facesim,"Looking Back on the Language and Hardware Revolution: Measured Power, Performance, and Scaling"
421,1045,2014-11-17 00:08:32.818417,2014-11-17 00:08:32.818417,5.768547539,ferret,"Looking Back on the Language and Hardware Revolution: Measured Power, Performance, and Scaling"
422,1045,2014-11-17 00:08:32.835983,2014-11-17 00:08:32.835983,5.523421795,fluidanimate,"Looking Back on the Language and Hardware Revolution: Measured Power, Performance, and Scaling"
423,1045,2014-11-17 00:08:32.855249,2014-11-17 00:08:32.855249,5.082025463,raytrace,"Looking Back on the Language and Hardware Revolution: Measured Power, Performance, and Scaling"
424,1045,2014-11-17 00:08:32.874233,2014-11-17 00:08:32.874233,5.337715532,streamcluster,"Looking Back on the Language and Hardware Revolution: Measured Power, Performance, and Scaling"
425,1045,2014-11-17 00:08:32.894090,2014-11-17 00:08:32.894090,5.936317105,swaptions,"Looking Back on the Language and Hardware Revolution: Measured Power, Performance, and Scaling"
426,1045,2014-11-17 00:08:32.913252,2014-11-17 00:08:32.913252,5.05990792,vips,"Looking Back on the Language and Hardware Revolution: Measured Power, Performance, and Scaling"
427,1045,2014-11-17 00:08:32.931396,2014-11-17 00:08:32.931396,5.240835236,x264,"Looking Back on the Language and Hardware Revolution: Measured Power, Performance, and Scaling"
428,1138,2014-11-17 00:08:32.951389,2014-11-17 00:08:32.951389,24.6670101631772,avrora,"Looking Back on the Language and Hardware Revolution: Measured Power, Performance, and Scaling"
429,1138,2014-11-17 00:08:32.972241,2014-11-17 00:08:32.972241,23.6275402381625,batik,"Looking Back on the Language and Hardware Revolution: Measured Power, Performance, and Scaling"
430,1138,2014-11-17 00:08:32.991069,2014-11-17 00:08:32.991069,21.2153425415699,h2,"Looking Back on the Language and Hardware Revolution: Measured Power, Performance, and Scaling"
431,1138,2014-11-17 00:08:33.009357,2014-11-17 00:08:33.009357,26.2072229399332,jython,"Looking Back on the Language and Hardware Revolution: Measured Power, Performance, and Scaling"
432,1138,2014-11-17 00:08:33.024977,2014-11-17 00:08:33.024977,27.0197676440249,pmd,"Looking Back on the Language and Hardware Revolution: Measured Power, Performance, and Scaling"
433,1138,2014-11-17 00:08:33.043941,2014-11-17 00:08:33.043941,29.2286228910964,tradebeans,"Looking Back on the Language and Hardware Revolution: Measured Power, Performance, and Scaling"
434,1138,2014-11-17 00:08:33.128275,2014-11-17 00:08:33.128275,25.8089987862991,pjbb2005,"Looking Back on the Language and Hardware Revolution: Measured Power, Performance, and Scaling"
435,1138,2014-11-17 00:08:33.149554,2014-11-17 00:08:33.149554,26.1270325474868,_227_mtrt,"Looking Back on the Language and Hardware Revolution: Measured Power, Performance, and Scaling"
436,1138,2014-11-17 00:08:33.167325,2014-11-17 00:08:33.167325,27.8338553634233,fop,"Looking Back on the Language and Hardware Revolution: Measured Power, Performance, and Scaling"
437,1138,2014-11-17 00:08:33.185846,2014-11-17 00:08:33.185846,25.6585089807059,luindex,"Looking Back on the Language and Hardware Revolution: Measured Power, Performance, and Scaling"
438,1138,2014-11-17 00:08:33.203354,2014-11-17 00:08:33.203354,29.6540673389981,antlr,"Looking Back on the Language and Hardware Revolution: Measured Power, Performance, and Scaling"
439,1138,2014-11-17 00:08:33.226010,2014-11-17 00:08:33.226010,24.8961314309818,bloat,"Looking Back on the Language and Hardware Revolution: Measured Power, Performance, and Scaling"
440,1138,2014-11-17 00:08:33.247300,2014-11-17 00:08:33.247300,20.0540439169316,_201_compress,"Looking Back on the Language and Hardware Revolution: Measured Power, Performance, and Scaling"
441,1138,2014-11-17 00:08:33.267376,2014-11-17 00:08:33.267376,22.7403743594201,_202_jess,"Looking Back on the Language and Hardware Revolution: Measured Power, Performance, and Scaling"
442,1138,2014-11-17 00:08:33.287397,2014-11-17 00:08:33.287397,17.1806591977488,_209_db,"Looking Back on the Language and Hardware Revolution: Measured Power, Performance, and Scaling"
443,1138,2014-11-17 00:08:33.305457,2014-11-17 00:08:33.305457,25.1163558545813,_213_javac,"Looking Back on the Language and Hardware Revolution: Measured Power, Performance, and Scaling"
444,1138,2014-11-17 00:08:33.324645,2014-11-17 00:08:33.324645,21.2294974394805,_222_mpegaudio,"Looking Back on the Language and Hardware Revolution: Measured Power, Performance, and Scaling"
445,1138,2014-11-17 00:08:33.343783,2014-11-17 00:08:33.343783,26.9101265578771,_228_jack,"Looking Back on the Language and Hardware Revolution: Measured Power, Performance, and Scaling"
446,1138,2014-11-17 00:08:33.364390,2014-11-17 00:08:33.364390,20.9793118651309,eclipse,"Looking Back on the Language and Hardware Revolution: Measured Power, Performance, and Scaling"
447,1138,2014-11-17 00:08:33.383008,2014-11-17 00:08:33.383008,32.0400576395998,lusearch,"Looking Back on the Language and Hardware Revolution: Measured Power, Performance, and Scaling"
448,1138,2014-11-17 00:08:33.401723,2014-11-17 00:08:33.401723,36.8013268013907,sunflow,"Looking Back on the Language and Hardware Revolution: Measured Power, Performance, and Scaling"
449,1138,2014-11-17 00:08:33.421282,2014-11-17 00:08:33.421282,25.4089811583584,tomcat,"Looking Back on the Language and Hardware Revolution: Measured Power, Performance, and Scaling"
450,1138,2014-11-17 00:08:33.438373,2014-11-17 00:08:33.438373,32.3719301694928,xalan,"Looking Back on the Language and Hardware Revolution: Measured Power, Performance, and Scaling"
451,1138,2014-11-17 00:08:33.458523,2014-11-17 00:08:33.458523,20.78200024,400.perlbench,"Looking Back on the Language and Hardware Revolution: Measured Power, Performance, and Scaling"
452,1138,2014-11-17 00:08:33.478152,2014-11-17 00:08:33.478152,19.71899019,401.bzip2,"Looking Back on the Language and Hardware Revolution: Measured Power, Performance, and Scaling"
453,1138,2014-11-17 00:08:33.497447,2014-11-17 00:08:33.497447,18.20522981,403.gcc,"Looking Back on the Language and Hardware Revolution: Measured Power, Performance, and Scaling"
454,1138,2014-11-17 00:08:33.515756,2014-11-17 00:08:33.515756,17.19260834,429.mcf,"Looking Back on the Language and Hardware Revolution: Measured Power, Performance, and Scaling"
455,1138,2014-11-17 00:08:33.534663,2014-11-17 00:08:33.534663,20.03256207,445.gobmk,"Looking Back on the Language and Hardware Revolution: Measured Power, Performance, and Scaling"
456,1138,2014-11-17 00:08:33.555810,2014-11-17 00:08:33.555810,20.60572415,456.hmmer,"Looking Back on the Language and Hardware Revolution: Measured Power, Performance, and Scaling"
457,1138,2014-11-17 00:08:33.575642,2014-11-17 00:08:33.575642,20.33987842,458.sjeng,"Looking Back on the Language and Hardware Revolution: Measured Power, Performance, and Scaling"
458,1138,2014-11-17 00:08:33.595253,2014-11-17 00:08:33.595253,19.38118864,462.libquantum,"Looking Back on the Language and Hardware Revolution: Measured Power, Performance, and Scaling"
459,1138,2014-11-17 00:08:33.615423,2014-11-17 00:08:33.615423,20.34730212,464.h264ref,"Looking Back on the Language and Hardware Revolution: Measured Power, Performance, and Scaling"
460,1138,2014-11-17 00:08:33.635526,2014-11-17 00:08:33.635526,16.54166236,471.omnetpp,"Looking Back on the Language and Hardware Revolution: Measured Power, Performance, and Scaling"
461,1138,2014-11-17 00:08:33.655226,2014-11-17 00:08:33.655226,19.42784006,473.astar,"Looking Back on the Language and Hardware Revolution: Measured Power, Performance, and Scaling"
462,1138,2014-11-17 00:08:33.675190,2014-11-17 00:08:33.675190,18.14759617,483.xalancbmk,"Looking Back on the Language and Hardware Revolution: Measured Power, Performance, and Scaling"
463,1138,2014-11-17 00:08:33.694264,2014-11-17 00:08:33.694264,21.73543823,416.gamess,"Looking Back on the Language and Hardware Revolution: Measured Power, Performance, and Scaling"
464,1138,2014-11-17 00:08:33.713858,2014-11-17 00:08:33.713858,19.99644418,433.milc,"Looking Back on the Language and Hardware Revolution: Measured Power, Performance, and Scaling"
465,1138,2014-11-17 00:08:33.734250,2014-11-17 00:08:33.734250,19.0405496,434.zeusmp,"Looking Back on the Language and Hardware Revolution: Measured Power, Performance, and Scaling"
466,1138,2014-11-17 00:08:33.753958,2014-11-17 00:08:33.753958,20.76727843,435.gromacs,"Looking Back on the Language and Hardware Revolution: Measured Power, Performance, and Scaling"
467,1138,2014-11-17 00:08:33.773372,2014-11-17 00:08:33.773372,18.41158619,436.cactusADM,"Looking Back on the Language and Hardware Revolution: Measured Power, Performance, and Scaling"
468,1138,2014-11-17 00:08:33.792888,2014-11-17 00:08:33.792888,18.85061971,437.leslie3d,"Looking Back on the Language and Hardware Revolution: Measured Power, Performance, and Scaling"
469,1138,2014-11-17 00:08:33.811086,2014-11-17 00:08:33.811086,20.88922736,444.namd,"Looking Back on the Language and Hardware Revolution: Measured Power, Performance, and Scaling"
470,1138,2014-11-17 00:08:33.830124,2014-11-17 00:08:33.830124,20.02230543,447.dealII,"Looking Back on the Language and Hardware Revolution: Measured Power, Performance, and Scaling"
471,1138,2014-11-17 00:08:33.927557,2014-11-17 00:08:33.927557,17.55059573,450.soplex,"Looking Back on the Language and Hardware Revolution: Measured Power, Performance, and Scaling"
472,1138,2014-11-17 00:08:33.948076,2014-11-17 00:08:33.948076,20.44038702,453.povray,"Looking Back on the Language and Hardware Revolution: Measured Power, Performance, and Scaling"
473,1138,2014-11-17 00:08:33.967888,2014-11-17 00:08:33.967888,22.17635734,454.calculix,"Looking Back on the Language and Hardware Revolution: Measured Power, Performance, and Scaling"
474,1138,2014-11-17 00:08:33.987584,2014-11-17 00:08:33.987584,17.9526694,459.GemsFDTD,"Looking Back on the Language and Hardware Revolution: Measured Power, Performance, and Scaling"
475,1138,2014-11-17 00:08:34.008308,2014-11-17 00:08:34.008308,20.55307619,465.tonto,"Looking Back on the Language and Hardware Revolution: Measured Power, Performance, and Scaling"
476,1138,2014-11-17 00:08:34.027353,2014-11-17 00:08:34.027353,19.65212903,470.lbm,"Looking Back on the Language and Hardware Revolution: Measured Power, Performance, and Scaling"
477,1138,2014-11-17 00:08:34.049007,2014-11-17 00:08:34.049007,19.20513118,482.sphinx3,"Looking Back on the Language and Hardware Revolution: Measured Power, Performance, and Scaling"
478,1138,2014-11-17 00:08:34.071188,2014-11-17 00:08:34.071188,28.26456572,blackscholes,"Looking Back on the Language and Hardware Revolution: Measured Power, Performance, and Scaling"
479,1138,2014-11-17 00:08:34.090474,2014-11-17 00:08:34.090474,25.80922538,bodytrack,"Looking Back on the Language and Hardware Revolution: Measured Power, Performance, and Scaling"
480,1138,2014-11-17 00:08:34.109358,2014-11-17 00:08:34.109358,20.11980012,canneal,"Looking Back on the Language and Hardware Revolution: Measured Power, Performance, and Scaling"
481,1138,2014-11-17 00:08:34.129356,2014-11-17 00:08:34.129356,34.9830795,facesim,"Looking Back on the Language and Hardware Revolution: Measured Power, Performance, and Scaling"
482,1138,2014-11-17 00:08:34.149276,2014-11-17 00:08:34.149276,37.23941019,ferret,"Looking Back on the Language and Hardware Revolution: Measured Power, Performance, and Scaling"
483,1138,2014-11-17 00:08:34.167026,2014-11-17 00:08:34.167026,37.68624151,fluidanimate,"Looking Back on the Language and Hardware Revolution: Measured Power, Performance, and Scaling"
484,1138,2014-11-17 00:08:34.187831,2014-11-17 00:08:34.187831,28.26582965,raytrace,"Looking Back on the Language and Hardware Revolution: Measured Power, Performance, and Scaling"
485,1138,2014-11-17 00:08:34.206437,2014-11-17 00:08:34.206437,26.76429985,streamcluster,"Looking Back on the Language and Hardware Revolution: Measured Power, Performance, and Scaling"
486,1138,2014-11-17 00:08:34.229212,2014-11-17 00:08:34.229212,38.19374569,swaptions,"Looking Back on the Language and Hardware Revolution: Measured Power, Performance, and Scaling"
487,1138,2014-11-17 00:08:34.246998,2014-11-17 00:08:34.246998,22.94322589,vips,"Looking Back on the Language and Hardware Revolution: Measured Power, Performance, and Scaling"
488,1138,2014-11-17 00:08:34.266049,2014-11-17 00:08:34.266049,20.67939799,x264,"Looking Back on the Language and Hardware Revolution: Measured Power, Performance, and Scaling"
489,1289,2014-11-17 00:08:34.285121,2014-11-17 00:08:34.285121,22.0,idle (+PM),http://download.intel.com/design/intarch/PAPERS/324819.pdf
490,1289,2014-11-17 00:08:34.302151,2014-11-17 00:08:34.302151,29.0,idle (-PM),http://download.intel.com/design/intarch/PAPERS/324819.pdf
491,1289,2014-11-17 00:08:34.322840,2014-11-17 00:08:34.322840,55.0,SpecInt2006,http://download.intel.com/design/intarch/PAPERS/324819.pdf
492,1289,2014-11-17 00:08:34.346319,2014-11-17 00:08:34.346319,56.0,L3 fwd,http://download.intel.com/design/intarch/PAPERS/324819.pdf
493,1289,2014-11-17 00:08:34.365766,2014-11-17 00:08:34.365766,56.0,SpecFp2006,http://download.intel.com/design/intarch/PAPERS/324819.pdf
494,1289,2014-11-17 00:08:34.384773,2014-11-17 00:08:34.384773,60.0,IPSec,http://download.intel.com/design/intarch/PAPERS/324819.pdf
495,1289,2014-11-17 00:08:34.405799,2014-11-17 00:08:34.405799,68.0,TDP Workload,http://download.intel.com/design/intarch/PAPERS/324819.pdf
496,1046,2014-11-17 00:08:34.422655,2014-11-17 00:08:34.422655,1.8,idle (+C_STATES),http://download.intel.com/design/intarch/designgd/324956.pdf
497,1046,2014-11-17 00:08:34.440871,2014-11-17 00:08:34.440871,2.2,idle (-C_STATES),http://download.intel.com/design/intarch/designgd/324956.pdf
498,1046,2014-11-17 00:08:34.459161,2014-11-17 00:08:34.459161,3.0,SpecInt2006,http://download.intel.com/design/intarch/designgd/324956.pdf
499,1046,2014-11-17 00:08:34.479830,2014-11-17 00:08:34.479830,2.9,SpecFp2006,http://download.intel.com/design/intarch/designgd/324956.pdf
500,1046,2014-11-17 00:08:34.497776,2014-11-17 00:08:34.497776,3.0,PTU 70%,http://download.intel.com/design/intarch/designgd/324956.pdf
501,1046,2014-11-17 00:08:34.517177,2014-11-17 00:08:34.517177,2.3,Video 720p,http://download.intel.com/design/intarch/designgd/324956.pdf
502,1046,2014-11-17 00:08:34.535291,2014-11-17 00:08:34.535291,2.5,Video 1800p,http://download.intel.com/design/intarch/designgd/324956.pdf
503,1046,2014-11-17 00:08:34.554227,2014-11-17 00:08:34.554227,3.0,3DMarkMobile06,http://download.intel.com/design/intarch/designgd/324956.pdf
504,1052,2014-11-17 00:08:34.697335,2014-11-17 00:08:34.697335,0.08,idle (+PM),ftp://download.intel.com/design/intarch/PAPERS/324817.pdf
505,1052,2014-11-17 00:08:34.719463,2014-11-17 00:08:34.719463,0.35,idle (-PM),ftp://download.intel.com/design/intarch/PAPERS/324817.pdf
506,1052,2014-11-17 00:08:34.738938,2014-11-17 00:08:34.738938,0.96,Video (720x406),ftp://download.intel.com/design/intarch/PAPERS/324817.pdf
507,1052,2014-11-17 00:08:34.760125,2014-11-17 00:08:34.760125,0.96,3DMark05,ftp://download.intel.com/design/intarch/PAPERS/324817.pdf
508,1052,2014-11-17 00:08:34.779139,2014-11-17 00:08:34.779139,1.26,SpecFp2006,ftp://download.intel.com/design/intarch/PAPERS/324817.pdf
509,1052,2014-11-17 00:08:34.799303,2014-11-17 00:08:34.799303,1.36,SpecInt2006,ftp://download.intel.com/design/intarch/PAPERS/324817.pdf
510,1052,2014-11-17 00:08:34.819411,2014-11-17 00:08:34.819411,1.74,TAT,ftp://download.intel.com/design/intarch/PAPERS/324817.pdf
